fixed_acidity,volatile_acidity,citric_acid,residual_sugar,chlorides,free_sulfur_dioxide,total_sulfur_dioxide,density,pH,sulphates,alcohol,quality
7.76,0.997,0.365,4.64,0.163,17.7,34.5,0.9992,3.45,0.482,9.6,4
5.57,0.557,0.348,1.45,0.036,22.4,51.9,0.9979,3.35,0.554,10.13,6
5.69,0.801,0.078,0.77,0.06,12.0,43.3,0.9957,3.55,0.609,9.97,4
7.33,1.048,0.49,3.1,0.137,23.6,81.6,0.9951,3.39,0.404,11.87,4
7.93,0.758,0.145,2.29,0.073,28.2,49.0,0.997,3.49,0.611,10.0,4
8.73,0.665,0.397,3.76,0.112,0.6,57.3,0.9973,3.32,0.58,11.41,5
8.05,0.583,0.33,4.55,0.062,1.5,31.5,0.9994,3.53,0.307,10.58,5
11.72,0.532,0.305,0.72,0.039,11.6,39.1,0.9997,3.36,0.713,10.43,5
8.14,0.522,0.107,1.76,0.125,13.3,15.4,0.9936,3.53,0.224,8.69,5
9.02,0.511,0.389,2.16,0.048,27.6,33.9,1.0006,3.62,0.778,10.26,5
7.92,0.489,0.024,1.58,0.084,34.3,78.7,0.9986,3.38,0.693,10.65,5
7.22,0.658,0.295,2.36,0.099,22.4,59.1,0.9982,3.31,0.458,10.38,4
8.27,0.542,0.27,1.98,0.05,17.4,55.9,0.9953,3.48,0.613,11.04,6
10.08,0.346,0.282,2.55,0.052,0.8,57.4,0.995,3.1,0.592,11.44,7
6.46,0.332,0.262,2.98,0.08,13.6,67.1,0.9988,3.68,0.801,10.15,5
4.55,0.546,0.521,1.9,0.015,1.0,38.4,1.0004,3.35,0.718,8.86,6
6.68,0.468,0.164,1.18,0.146,16.9,32.4,0.9964,3.44,0.393,9.05,3
9.72,0.753,0.554,1.19,0.081,31.0,62.0,0.9936,3.42,0.891,9.89,4
6.6,0.532,0.114,4.65,0.054,10.4,37.7,0.9952,3.49,0.466,9.44,5
8.88,0.627,0.012,4.17,0.039,11.0,54.7,0.9959,3.34,0.691,12.3,5
10.93,0.297,0.349,1.35,0.104,16.5,32.9,0.9997,3.25,0.782,10.6,6
9.47,0.524,0.253,5.14,0.061,21.5,61.8,0.9959,3.01,0.746,10.66,4
4.82,0.529,0.311,3.45,0.085,7.9,14.1,0.995,3.43,0.64,9.88,5
8.87,0.406,0.432,3.13,0.108,15.2,36.4,0.996,3.34,0.834,9.73,4
7.21,0.466,0.406,2.78,0.007,1.3,16.6,0.9948,3.06,0.841,8.68,6
7.92,0.228,0.136,0.35,0.034,12.8,35.4,0.9979,3.27,0.742,9.85,6
6.21,0.465,0.49,0.68,0.05,8.4,14.7,0.9948,3.26,0.457,12.06,6
8.65,0.185,0.676,3.64,0.005,18.7,41.0,0.9957,3.64,0.894,9.64,6
9.7,0.221,0.405,1.58,0.073,18.7,47.7,0.9962,3.24,0.583,12.71,7
7.46,0.667,0.0,4.33,0.202,12.0,65.9,0.9953,3.3,0.685,12.07,6
5.91,0.916,0.281,2.74,0.048,26.9,35.0,0.9967,3.37,0.667,9.73,4
6.23,0.459,0.229,0.76,0.062,2.0,32.2,0.9962,3.07,0.539,11.81,7
11.25,0.33,0.397,3.13,0.063,20.6,44.6,0.996,3.4,1.116,11.86,7
7.95,0.553,0.14,1.31,0.047,10.9,34.6,0.9989,3.22,0.753,13.71,7
7.05,0.567,0.274,4.62,0.068,34.7,62.4,0.9954,3.28,0.511,10.54,7
9.62,0.851,0.319,1.63,0.047,4.6,39.6,0.9954,3.3,0.59,11.23,5
6.98,0.158,0.183,4.44,0.083,9.8,39.5,0.9942,3.41,0.561,12.75,6
7.6,0.492,0.345,2.29,0.081,14.6,59.5,0.9935,3.41,0.683,10.29,4
6.35,0.733,0.219,3.05,0.072,17.1,52.4,0.9985,3.34,0.582,10.77,4
8.85,0.214,0.42,2.04,0.108,5.2,61.6,0.9961,3.28,0.219,11.15,5
8.3,0.631,0.423,2.21,0.068,17.8,23.8,0.9974,3.27,0.92,8.5,5
10.71,0.845,0.458,1.37,0.076,18.9,54.0,1.0,3.53,0.593,10.11,4
8.05,0.817,0.103,1.89,0.067,22.7,55.0,0.9987,3.3,0.638,9.94,4
7.27,0.797,0.087,1.63,0.04,26.5,70.7,0.9982,2.95,0.719,10.25,3
6.28,0.573,0.0,3.7,0.14,5.3,18.2,0.9962,2.98,0.698,10.29,5
9.07,0.407,0.555,0.81,0.004,18.8,45.0,0.9958,3.1,0.594,10.34,4
6.88,0.42,0.464,3.78,0.026,8.4,52.5,0.9969,3.43,0.422,10.26,4
8.05,0.466,0.638,0.86,0.121,13.5,34.1,0.996,3.62,0.568,11.56,5
7.14,0.787,0.575,3.06,0.065,21.5,56.4,0.994,3.26,0.391,11.15,5
10.83,0.229,0.227,5.28,0.083,11.4,57.9,0.9958,3.23,0.691,9.45,5
6.44,0.681,0.242,2.27,0.085,16.0,40.6,0.9947,3.32,0.568,10.62,5
5.49,0.756,0.363,3.07,0.114,20.7,66.3,0.9957,3.57,0.533,10.75,4
8.26,0.342,0.115,0.68,0.078,5.6,35.6,0.9971,3.49,0.507,9.63,5
7.68,0.373,0.324,4.41,0.08,7.1,25.2,0.9977,3.4,0.747,10.74,5
7.48,0.935,0.086,2.94,0.144,23.9,40.3,0.9983,3.39,0.676,8.92,3
9.56,0.464,0.051,2.66,0.011,16.0,18.1,1.0014,3.39,0.609,10.06,4
9.34,0.312,0.212,0.79,0.081,16.8,46.1,0.9957,3.23,0.54,10.64,5
9.14,0.548,0.497,1.27,0.12,33.2,73.4,0.9962,3.2,0.142,8.87,4
11.35,0.622,0.786,4.34,0.13,11.3,45.9,0.9945,3.59,0.568,9.12,4
7.14,0.529,0.305,2.42,0.124,17.5,37.6,0.994,3.42,0.895,10.87,6
10.09,0.1,0.123,3.52,0.034,27.3,90.9,0.9966,3.26,0.399,11.09,6
7.25,0.555,0.0,4.21,0.087,25.5,50.1,0.9984,3.43,0.796,10.36,5
9.04,0.557,0.37,4.04,0.076,10.9,69.6,0.9974,3.28,0.599,10.65,5
4.0,0.336,0.546,4.04,0.066,20.9,54.8,0.9944,3.24,0.585,10.95,5
7.19,0.297,0.0,6.41,0.035,26.5,67.2,0.9993,3.29,0.64,11.08,6
9.2,0.157,0.424,3.23,0.079,13.3,37.6,0.9967,3.4,0.625,11.03,7
9.89,0.402,0.536,1.1,0.046,1.3,40.6,0.9976,3.17,0.563,10.33,5
8.11,0.685,0.292,1.5,0.126,32.1,44.6,0.9968,3.38,0.576,10.19,5
6.39,0.685,0.324,2.88,0.019,14.2,66.2,0.9993,3.29,0.486,10.03,4
9.98,0.659,0.251,2.96,0.126,19.6,34.4,0.9933,3.2,0.793,9.76,4
11.07,0.646,0.177,4.6,0.213,24.2,46.0,0.998,3.23,0.557,11.46,4
5.07,0.683,0.425,3.79,0.052,9.7,45.9,0.9983,3.53,0.652,9.74,4
8.41,0.574,0.397,2.99,0.055,23.2,44.0,0.9939,3.19,0.296,9.19,4
9.12,0.302,0.396,3.93,0.007,6.8,39.2,0.996,3.37,0.706,10.31,5
8.95,0.59,0.257,3.19,0.115,16.5,27.1,0.9964,3.65,0.687,11.22,4
5.73,0.291,0.292,2.07,0.068,17.7,46.1,0.9987,3.19,0.687,9.87,6
8.79,0.353,0.025,0.53,0.089,21.2,53.0,0.9966,3.39,0.778,12.28,6
8.46,0.687,0.355,4.77,0.096,1.0,18.2,1.0008,3.31,0.413,10.3,5
7.8,0.145,0.411,1.44,0.117,8.0,68.5,0.9992,3.14,0.689,9.31,5
9.76,0.874,0.451,2.85,0.132,16.8,27.0,0.9988,3.2,0.75,11.15,5
9.89,0.57,0.216,0.91,0.106,8.7,18.5,0.9968,3.3,0.431,10.18,5
7.58,0.302,0.0,3.59,0.095,10.2,21.8,0.9973,3.3,0.557,9.19,5
11.0,0.497,0.085,0.48,0.066,17.5,24.1,0.9957,3.32,0.771,10.47,6
6.49,0.432,0.375,2.53,0.1,19.9,58.9,0.9982,3.24,0.451,9.95,4
11.88,0.616,0.291,0.97,0.068,22.1,40.6,0.9962,3.47,0.61,10.1,4
6.45,0.847,0.292,2.38,0.091,20.6,67.1,0.9953,3.35,0.775,10.02,4
10.82,0.636,0.38,1.3,0.018,31.5,58.2,0.9971,3.41,0.569,9.64,4
6.45,0.522,0.27,2.55,0.091,14.0,29.4,0.9967,3.27,0.585,11.56,5
9.33,0.558,0.404,1.73,0.028,2.3,18.4,0.9938,3.47,0.965,11.34,7
9.9,0.818,0.0,3.32,0.124,19.6,57.5,0.9945,3.5,0.741,11.26,5
7.25,0.494,0.0,0.7,0.099,7.5,25.4,1.0006,3.33,0.729,9.75,4
9.69,0.59,0.399,2.55,0.102,17.2,54.7,0.9951,3.1,0.751,10.41,4
6.77,0.794,0.444,3.62,0.129,24.9,80.5,0.9984,3.4,0.978,9.76,4
7.48,0.367,0.353,3.73,0.052,9.8,46.4,0.9965,3.2,0.476,9.62,5
8.69,0.644,0.33,2.37,0.095,14.8,40.9,0.9978,3.45,0.575,11.16,5
8.63,0.814,0.201,1.46,0.03,18.7,59.7,0.9995,3.39,0.732,11.3,5
9.21,0.896,0.107,3.23,0.149,5.1,34.2,0.9975,3.4,1.001,10.71,6
9.46,0.501,0.162,1.64,0.07,9.9,69.8,0.999,3.29,0.538,9.43,4
13.1,0.364,0.392,3.27,0.082,19.6,53.7,0.9971,3.5,0.945,10.16,5
9.86,0.501,0.338,1.59,0.063,27.8,59.6,0.9951,3.38,0.772,9.16,5
8.56,0.425,0.0,2.65,0.093,7.9,46.9,0.9965,3.07,0.221,9.8,5
8.33,0.76,0.318,0.38,0.1,30.1,74.6,0.9934,2.98,0.829,10.3,5
8.31,0.5,0.0,0.32,0.109,16.9,38.9,0.9977,3.64,0.626,10.98,5
8.86,0.432,0.134,1.8,0.066,15.7,45.2,0.9952,3.48,0.861,8.5,5
7.3,0.615,0.559,0.66,0.101,42.3,56.0,0.9948,3.38,0.46,10.37,5
11.28,0.46,0.505,2.93,0.166,21.0,55.8,0.9969,3.14,0.851,11.63,5
8.82,0.482,0.241,2.13,0.033,2.5,43.0,0.9964,3.39,0.654,10.83,5
6.78,0.547,0.273,4.24,0.015,5.9,57.0,0.9946,3.07,0.775,11.17,5
6.99,0.542,0.337,1.96,0.12,27.4,37.5,0.9974,3.51,0.762,10.28,5
9.78,0.481,0.4,3.74,0.028,21.1,66.4,0.9979,3.47,0.551,9.49,5
8.93,0.508,0.151,2.04,0.075,10.2,40.9,0.9972,3.53,0.703,9.49,4
7.23,0.437,0.282,4.13,0.049,19.9,57.8,0.9966,3.08,0.656,10.41,5
6.73,0.1,0.194,2.63,0.059,14.7,30.5,0.9946,3.25,0.304,8.57,5
6.76,0.547,0.228,1.93,0.131,8.9,44.0,0.9991,3.31,0.821,9.46,4
8.99,0.1,0.0,2.41,0.106,8.4,19.8,0.9957,2.95,0.665,9.33,6
7.72,0.806,0.164,3.02,0.078,12.7,58.0,0.9945,3.49,0.565,8.5,3
5.49,0.185,0.109,4.48,0.089,23.2,36.8,0.9974,3.24,0.534,10.7,5
9.06,0.556,0.242,2.78,0.194,25.1,50.3,0.9975,3.16,0.622,9.6,4
4.0,0.433,0.231,1.86,0.073,18.0,52.3,0.9977,3.7,0.866,12.06,7
7.04,0.485,0.498,0.16,0.077,13.3,54.2,0.9981,3.29,0.883,10.28,5
10.88,0.495,0.225,4.42,0.075,17.8,43.1,0.998,3.3,0.563,8.52,6
9.57,0.502,0.084,0.53,0.005,25.5,58.9,0.9972,3.48,0.747,10.68,6
4.44,0.47,0.055,2.24,0.088,18.4,52.3,0.9963,3.19,0.476,9.61,4
7.01,0.572,0.483,2.1,0.129,14.5,69.2,0.9949,3.17,1.052,11.47,6
6.68,0.447,0.547,1.54,0.008,12.4,39.5,0.9985,3.34,0.3,11.28,6
9.87,0.61,0.316,2.64,0.09,6.8,8.6,0.996,3.42,0.578,9.86,4
8.84,0.38,0.27,1.29,0.113,4.3,32.9,0.9966,3.19,0.66,11.67,5
10.58,0.565,0.207,2.83,0.086,18.4,46.2,0.9979,3.31,0.313,11.86,5
9.45,0.429,0.47,3.72,0.166,3.0,32.4,0.9958,3.11,0.847,9.82,4
9.31,0.576,0.046,2.46,0.141,16.3,45.0,0.996,3.26,0.409,11.95,5
6.4,0.479,0.327,0.02,0.111,7.7,35.4,0.9943,3.26,0.562,8.5,4
7.37,0.453,0.214,4.74,0.091,35.1,54.7,0.9919,3.23,0.444,8.94,4
7.38,0.542,0.29,4.92,0.121,18.4,27.7,0.9931,3.18,0.627,10.31,5
5.81,0.638,0.376,3.76,0.06,10.0,32.9,0.9996,3.16,0.676,9.96,4
10.55,0.467,0.318,1.72,0.078,26.7,40.8,0.992,3.51,0.837,8.69,6
8.89,0.906,0.344,2.45,0.069,32.6,70.8,0.995,3.17,0.796,10.05,5
5.01,0.759,0.103,1.85,0.043,19.8,46.9,1.0007,3.25,0.958,10.15,5
9.84,0.24,0.134,2.39,0.131,19.8,60.6,0.997,3.22,0.436,11.42,5
6.7,0.301,0.286,3.55,0.073,26.6,50.6,0.9959,3.12,0.88,8.5,5
9.5,0.642,0.74,1.56,0.106,29.7,85.0,0.9939,3.22,0.685,10.87,5
7.16,0.558,0.059,3.62,0.09,28.4,41.4,0.997,3.24,0.713,12.19,4
6.31,0.394,0.324,0.45,0.116,11.2,45.3,0.9978,3.06,0.679,9.81,6
6.19,0.266,0.228,4.48,0.105,23.5,59.3,0.9993,3.25,0.874,12.14,6
5.41,0.829,0.092,1.39,0.067,15.3,80.7,0.9979,3.13,0.512,8.64,3
6.91,0.753,0.0,6.39,0.129,23.4,72.6,0.9963,3.31,0.713,10.02,5
5.15,0.511,0.297,5.13,0.021,12.1,32.3,0.9941,3.27,0.821,12.03,5
8.98,0.407,0.558,1.13,0.105,2.6,38.4,0.9978,3.43,0.534,9.09,4
6.69,0.756,0.0,1.98,0.131,35.5,91.5,0.9968,3.19,0.578,9.8,4
7.7,0.799,0.0,3.94,0.161,18.3,32.8,0.9936,3.36,0.705,9.76,4
8.77,0.965,0.601,1.9,0.054,4.5,20.9,0.9978,3.32,0.853,13.62,5
5.94,0.482,0.275,2.38,0.12,31.0,67.0,0.9996,3.41,0.546,8.9,5
5.28,0.571,0.457,3.99,0.162,32.7,51.6,0.9971,3.49,0.663,9.61,6
11.16,0.458,0.5,3.09,0.085,12.3,34.1,0.9996,3.28,0.72,9.7,5
5.01,0.703,0.229,1.35,0.101,16.1,29.6,0.9984,3.29,0.784,8.93,5
6.64,0.21,0.282,0.25,0.029,23.3,59.8,0.9966,3.33,0.508,10.95,7
8.96,0.629,0.161,2.76,0.073,14.6,44.6,0.9972,3.31,0.65,10.72,4
8.89,1.04,0.0,3.63,0.058,13.0,47.2,0.9991,3.46,0.568,10.79,5
7.54,0.56,0.4,4.27,0.148,3.9,19.6,0.9984,3.23,0.697,11.91,5
6.0,0.478,0.224,4.52,0.089,28.6,45.4,0.9971,3.17,0.501,9.59,5
10.33,0.504,0.741,2.75,0.102,7.0,53.3,0.9935,3.27,0.593,10.83,5
9.28,0.332,0.019,2.2,0.087,0.4,42.0,0.9961,3.42,0.775,10.99,5
8.12,0.346,0.431,2.85,0.087,30.5,84.3,0.9987,3.54,0.937,10.73,6
8.03,0.564,0.29,4.14,0.132,17.7,45.4,0.9974,3.17,0.73,9.44,5
9.82,0.695,0.414,2.52,0.07,14.5,51.1,1.0012,3.57,0.687,9.86,4
10.49,0.468,0.125,0.49,0.077,2.9,34.1,0.9951,3.1,0.973,12.74,8
8.48,0.492,0.334,1.14,0.081,8.1,64.9,0.996,3.49,0.278,11.1,5
8.39,0.608,0.596,4.99,0.07,2.8,58.6,0.9948,3.18,0.747,10.54,5
9.51,0.4,0.104,1.95,0.04,21.4,40.1,0.9952,3.48,0.462,8.65,5
4.11,0.1,0.713,4.77,0.02,12.3,54.6,0.9936,3.28,0.663,8.6,6
11.18,0.564,0.497,3.37,0.077,36.1,49.0,1.0011,3.27,0.974,10.11,6
6.18,0.553,0.195,1.59,0.154,13.9,56.6,0.9958,3.31,0.558,9.81,4
7.97,0.396,0.311,3.77,0.084,12.8,70.2,0.9967,3.29,1.054,9.41,4
9.31,0.413,0.071,5.01,0.185,24.2,55.5,0.9947,3.32,1.031,10.87,6
8.02,0.694,0.333,2.26,0.055,1.3,39.8,0.998,3.4,0.791,10.93,6
10.46,0.721,0.088,1.35,0.047,27.8,40.4,0.9957,3.31,0.813,10.99,5
11.83,0.783,0.314,1.63,0.097,29.8,73.6,0.994,3.11,0.58,10.32,5
8.39,0.193,0.442,3.3,0.092,17.3,77.9,0.9983,3.39,0.868,11.02,6
9.56,0.512,0.444,2.07,0.073,6.9,25.5,0.9932,3.46,0.926,10.0,6
9.33,0.88,0.284,4.18,0.149,10.0,13.6,0.996,3.57,0.89,8.82,4
10.37,0.645,0.23,2.62,0.042,17.9,44.8,0.9976,3.18,0.536,10.11,5
8.3,0.263,0.232,4.42,0.14,22.0,53.3,0.997,3.22,0.373,8.89,4
8.05,0.364,0.128,4.12,0.074,10.7,31.5,0.9978,3.24,0.553,11.83,6
7.85,0.689,0.34,2.35,0.124,29.5,82.8,0.9978,3.38,0.775,10.06,5
8.49,0.699,0.317,4.06,0.126,10.0,33.0,0.9943,3.13,0.741,9.83,4
10.03,0.448,0.587,2.46,0.143,1.9,39.2,0.9966,3.38,0.81,11.66,5
6.35,0.484,0.387,2.8,0.052,30.6,82.1,0.9967,3.25,0.504,9.62,5
9.63,0.206,0.202,5.13,0.086,22.5,44.4,0.9965,3.4,0.749,9.46,5
8.0,0.913,0.693,4.09,0.057,10.2,36.5,0.9982,3.28,0.323,9.83,5
7.72,0.549,0.566,1.92,0.067,20.3,41.3,0.997,3.22,0.496,12.46,5
5.1,0.672,0.488,0.31,0.143,13.7,26.5,0.999,3.22,1.06,11.96,5
6.61,0.632,0.0,0.02,0.083,29.0,30.0,0.9944,3.4,0.702,11.8,6
10.04,0.368,0.299,2.38,0.084,30.7,67.0,0.994,3.25,0.62,8.5,4
7.22,1.028,0.343,2.85,0.016,17.7,40.8,1.0008,3.13,0.426,10.64,5
10.86,0.646,0.482,1.16,0.006,0.0,55.0,0.9973,3.48,0.503,10.78,5
6.57,0.742,0.274,1.3,0.033,27.9,63.3,0.9988,3.43,0.895,9.91,4
5.84,0.752,0.65,3.54,0.049,3.9,39.2,0.9965,3.31,0.345,12.91,5
8.67,0.762,0.193,1.56,0.144,4.2,33.1,0.9957,3.35,0.587,11.13,4
6.38,0.68,0.109,4.05,0.067,21.0,41.3,0.9953,3.25,0.438,10.21,5
9.05,0.662,0.158,1.02,0.131,7.3,53.9,0.9959,3.06,0.554,10.6,4
10.0,0.544,0.144,3.09,0.073,21.1,58.0,0.9964,3.29,0.474,10.06,5
9.04,0.736,0.262,2.0,0.003,11.5,36.5,0.9946,3.29,0.776,9.78,5
8.25,0.484,0.298,2.74,0.051,1.2,31.5,0.998,3.29,0.578,13.01,6
6.54,0.656,0.338,4.06,0.126,20.5,49.4,0.9956,2.96,0.364,12.04,4
9.13,0.376,0.562,2.58,0.021,9.8,40.7,0.9977,3.34,0.612,9.15,5
9.11,0.503,0.461,3.31,0.11,12.9,41.0,0.9991,3.25,0.971,8.5,5
7.79,0.653,0.209,1.27,0.105,16.8,35.2,0.994,3.21,0.389,10.84,4
7.98,0.605,0.116,3.79,0.082,6.1,38.7,0.9946,3.09,0.673,11.72,6
7.23,0.27,0.451,1.08,0.046,0.1,41.0,0.9949,3.39,0.541,10.51,5
8.63,0.435,0.267,3.29,0.078,24.7,45.5,0.9971,3.08,0.509,10.07,4
8.37,0.648,0.429,2.61,0.075,23.5,32.6,0.9959,3.48,0.765,10.94,5
7.92,0.551,0.465,0.33,0.109,1.3,35.1,0.9954,3.24,0.364,9.31,4
9.04,0.727,0.113,1.74,0.059,19.7,33.4,0.9942,3.19,0.664,8.86,5
9.33,0.59,0.2,5.04,0.009,7.6,54.3,0.9971,3.17,0.511,11.85,6
8.91,0.562,0.383,0.03,0.086,5.0,46.0,0.9993,3.43,0.506,10.61,5
8.4,0.425,0.409,1.8,0.136,15.0,55.8,0.9966,3.29,0.888,11.45,6
7.9,0.439,0.0,2.45,0.054,23.4,65.6,0.9981,3.41,0.597,9.98,6
9.79,0.561,0.233,3.23,0.147,22.9,36.6,0.9959,3.37,0.34,8.5,4
8.4,0.383,0.445,2.68,0.136,13.5,17.8,0.9939,3.53,0.551,10.43,4
10.22,0.49,0.225,4.65,0.039,6.8,56.3,0.9953,3.21,0.802,9.1,5
9.3,1.05,0.227,3.06,0.127,32.9,65.4,0.9982,3.44,0.68,10.89,4
11.28,0.357,0.176,4.08,0.136,39.1,61.1,1.0,3.18,0.519,10.46,5
8.32,0.614,0.436,1.43,0.009,7.6,60.9,0.9953,2.97,0.693,9.83,5
8.25,0.43,0.038,4.4,0.103,5.7,7.7,0.9977,3.49,0.791,10.55,5
9.16,0.754,0.342,2.05,0.009,25.5,40.6,0.9967,3.3,0.751,9.22,5
9.02,0.399,0.249,1.14,0.049,10.5,19.1,0.9968,3.37,0.574,8.5,3
8.37,0.377,0.333,3.42,0.157,7.0,26.0,0.9955,3.58,0.741,10.43,6
8.58,0.486,0.011,2.11,0.146,4.2,51.6,0.9971,3.44,0.742,10.44,5
9.57,0.471,0.0,0.53,0.092,10.6,55.9,0.9975,3.29,0.699,9.98,4
8.48,0.736,0.456,5.18,0.063,35.8,95.3,0.9963,3.53,0.757,9.73,5
6.09,0.584,0.207,2.37,0.1,10.4,39.3,0.9974,3.31,0.631,11.33,6
6.91,0.54,0.529,3.47,0.145,14.0,42.5,0.9951,3.56,0.728,10.71,6
11.02,0.468,0.236,3.62,0.061,31.6,54.2,0.9934,3.28,0.666,9.48,4
7.27,0.288,0.324,1.34,0.043,8.5,28.8,1.0009,3.25,0.409,10.84,5
8.14,0.776,0.151,1.55,0.071,28.3,62.0,0.998,3.25,0.75,10.31,5
7.86,0.607,0.173,1.01,0.11,17.6,36.0,0.9947,3.7,0.802,12.24,6
7.85,0.604,0.17,1.32,0.073,7.5,51.3,0.9973,3.25,0.485,10.83,5
8.34,0.814,0.155,0.57,0.084,10.8,13.7,0.9986,3.5,0.919,9.97,6
10.2,0.804,0.092,3.02,0.14,18.7,59.8,0.9958,3.31,0.782,11.03,5
8.45,0.858,0.0,2.61,0.13,25.3,65.0,0.9957,3.26,0.832,9.62,3
7.63,0.62,0.068,3.61,0.05,21.3,40.8,0.9946,3.32,0.782,11.16,5
8.51,0.515,0.453,3.66,0.083,25.1,31.0,0.9991,3.21,0.59,9.85,6
9.34,0.311,0.313,3.62,0.056,18.8,47.7,0.998,3.06,0.886,12.11,7
5.59,0.637,0.146,2.84,0.068,13.5,45.4,0.9973,3.3,0.608,8.6,5
11.18,0.583,0.043,4.73,0.001,8.4,19.6,0.9955,3.34,0.53,8.84,4
6.19,0.619,0.255,2.6,0.012,40.1,75.4,0.995,3.2,0.703,10.88,5
8.85,0.483,0.472,1.2,0.109,11.5,35.3,1.0008,3.21,0.966,9.91,6
10.81,0.329,0.0,2.69,0.098,29.7,46.5,0.9976,3.27,0.448,9.1,4
9.91,0.308,0.172,4.99,0.075,25.3,59.2,0.9985,3.56,0.726,10.86,5
10.41,0.275,0.251,3.79,0.045,8.1,14.6,0.9996,3.63,0.652,9.63,6
9.53,0.579,0.233,5.76,0.095,12.0,21.6,0.9951,3.17,0.522,10.27,5
7.82,0.506,0.461,3.69,0.033,18.1,70.6,0.9985,3.33,0.625,11.04,7
12.06,0.442,0.354,1.46,0.072,10.2,26.6,0.9937,3.08,0.731,11.55,5
14.65,0.268,0.394,2.89,0.167,17.0,51.7,0.998,3.3,0.65,9.46,5
9.75,0.294,0.392,0.13,0.075,19.4,35.7,0.9947,3.02,0.335,11.32,7
9.14,0.522,0.368,0.24,0.052,8.4,42.9,0.9959,3.55,0.424,9.19,4
8.95,0.259,0.011,3.22,0.067,0.1,10.6,1.0006,3.46,0.484,9.85,4
8.91,0.652,0.319,2.87,0.107,5.1,33.4,0.9997,3.44,0.726,8.5,5
8.65,0.499,0.087,1.5,0.015,25.3,60.1,0.9971,3.23,0.504,9.8,5
10.55,0.606,0.047,0.55,0.144,13.0,48.4,0.9963,3.5,0.417,11.0,4
7.65,0.467,0.268,0.1,0.097,31.0,58.8,0.9973,3.26,0.479,10.92,5
11.32,0.467,0.208,3.34,0.115,12.5,23.9,0.9988,3.08,0.702,10.25,5
7.23,0.562,0.441,2.58,0.041,36.5,53.4,0.998,3.37,0.525,11.77,7
6.23,0.451,0.454,3.4,0.058,1.8,21.0,0.9988,3.4,0.608,11.52,6
7.81,0.526,0.211,2.57,0.197,11.5,14.6,1.001,3.04,0.235,10.28,4
8.73,0.505,0.599,1.48,0.108,4.7,51.2,0.9941,3.12,0.737,8.68,4
7.93,0.642,0.416,4.63,0.13,14.5,57.1,0.9987,3.23,0.721,10.69,5
8.86,0.431,0.467,0.37,0.134,1.4,23.1,0.9961,3.33,0.752,10.74,4
7.75,0.815,0.248,1.34,0.097,15.7,60.9,0.9938,3.23,0.83,12.54,4
7.39,0.445,0.21,1.42,0.048,14.3,42.7,0.9959,3.07,0.671,9.39,5
7.86,0.1,0.51,0.06,0.09,21.0,98.9,1.0007,3.39,0.449,11.79,5
6.57,0.455,0.0,4.76,0.09,30.4,48.8,0.9982,3.28,0.376,8.5,5
7.18,0.347,0.686,3.12,0.092,17.1,51.3,0.999,3.3,0.725,12.34,6
7.69,0.589,0.288,3.63,0.075,7.9,59.3,0.9953,3.03,0.536,10.27,4
5.16,0.766,0.258,4.32,0.115,11.9,83.9,0.9978,3.39,0.493,11.6,5
11.09,0.793,0.484,4.05,0.028,13.3,42.6,0.9938,3.58,0.698,10.21,5
4.83,0.616,0.553,0.97,0.104,21.7,45.6,0.9999,3.63,0.461,11.59,4
7.87,0.827,0.134,3.33,0.083,26.0,44.7,0.9959,3.3,0.626,9.77,4
9.06,0.348,0.448,0.14,0.123,32.7,61.1,0.9959,3.36,0.433,10.29,5
8.45,0.464,0.365,4.27,0.087,14.2,54.3,0.9998,3.25,0.483,10.04,5
10.23,0.502,0.0,0.41,0.01,26.2,79.5,0.9983,3.05,0.914,10.45,5
8.85,0.536,0.55,5.8,0.052,9.9,36.5,0.9994,2.99,0.891,11.05,5
7.53,0.238,0.0,2.63,0.025,17.8,55.9,0.9956,3.1,0.46,8.87,4
8.94,0.255,0.153,5.03,0.113,7.5,41.9,0.9937,3.31,0.442,9.23,5
9.97,0.614,0.313,3.13,0.077,21.1,52.4,0.998,3.32,0.694,10.81,5
10.97,0.533,0.424,1.3,0.098,9.7,54.4,0.9978,3.04,0.464,10.57,5
8.18,0.728,0.271,0.81,0.111,12.6,38.3,0.9974,3.47,0.344,11.62,4
9.84,0.295,0.205,3.16,0.1,24.8,53.2,0.9958,3.29,0.607,10.72,5
8.59,0.588,0.296,0.4,0.052,14.5,75.5,0.9984,3.13,0.687,10.92,5
6.32,0.362,0.154,3.69,0.044,26.4,46.3,0.9978,3.45,0.577,9.54,5
4.83,0.577,0.303,1.23,0.086,19.3,63.7,0.9965,3.19,0.765,9.59,6
7.04,0.599,0.242,0.98,0.082,11.8,52.9,1.0001,3.62,0.548,12.19,5
6.44,0.348,0.25,1.14,0.114,15.8,36.3,0.9945,3.06,0.549,10.14,6
4.25,0.713,0.085,2.92,0.062,13.3,49.2,0.9976,3.35,0.72,9.9,4
8.5,0.617,0.547,2.18,0.076,6.8,18.5,0.9955,3.35,0.749,10.33,6
9.52,0.631,0.464,5.15,0.053,23.6,80.9,0.9938,3.31,0.692,10.08,7
9.1,0.646,0.291,1.18,0.139,12.0,39.9,0.9968,3.04,0.784,10.45,6
5.91,0.552,0.253,2.35,0.051,19.3,49.6,0.9973,3.43,0.544,9.94,6
6.8,0.779,0.4,3.16,0.127,19.0,44.8,0.994,3.35,0.342,9.34,3
5.68,0.44,0.053,2.15,0.144,8.5,39.5,0.9945,3.18,0.639,11.04,6
7.73,0.691,0.316,1.79,0.073,19.1,38.4,0.9982,3.04,0.533,12.34,5
7.62,0.447,0.297,2.48,0.072,18.2,19.6,1.0004,3.47,0.728,10.72,6
7.91,0.581,0.672,3.96,0.047,15.1,41.5,0.9964,3.5,0.765,10.03,5
7.45,0.476,0.477,1.1,0.091,1.9,31.7,0.9941,3.38,0.729,11.57,6
10.31,0.746,0.305,0.78,0.082,6.2,9.1,0.999,3.2,0.569,12.05,5
8.5,0.318,0.53,3.17,0.191,18.7,52.7,0.9963,3.09,0.839,11.08,6
8.26,0.34,0.311,1.37,0.162,30.1,90.1,0.9973,3.44,0.55,8.73,5
8.46,0.469,0.152,0.76,0.067,9.3,60.2,0.9954,3.53,0.674,12.92,6
11.33,0.562,0.398,4.45,0.116,1.4,26.2,0.9973,3.45,0.841,11.21,6
8.19,0.748,0.221,1.22,0.065,10.3,19.8,0.9975,3.25,0.642,11.05,6
9.74,0.759,0.093,2.01,0.127,9.5,56.1,0.9971,3.38,0.654,12.11,4
7.15,0.652,0.068,0.99,0.204,29.0,48.9,0.9957,3.57,0.896,8.68,5
10.33,0.703,0.158,2.62,0.099,16.5,32.7,0.9967,3.33,0.693,11.18,5
8.87,0.711,0.684,2.86,0.025,14.6,44.3,0.9969,3.16,0.6,8.5,3
5.76,0.548,0.218,1.87,0.133,8.7,44.8,0.9965,3.08,0.46,8.5,4
10.6,0.676,0.065,3.5,0.106,13.7,23.1,0.9994,3.4,0.605,10.33,5
6.44,0.457,0.349,4.22,0.063,18.8,79.8,0.9931,3.26,0.783,13.73,7
6.9,0.373,0.397,2.26,0.12,38.8,87.9,0.9942,3.34,0.641,10.18,5
9.69,0.372,0.3,3.23,0.147,36.8,94.5,0.9969,3.33,0.568,9.94,5
9.98,0.536,0.314,0.73,0.029,5.8,19.7,0.9988,3.29,0.486,9.16,5
8.86,0.414,0.0,2.97,0.024,19.5,69.8,0.9964,3.38,0.646,10.93,5
8.67,0.43,0.0,3.49,0.051,23.0,54.0,0.9957,3.21,0.704,9.67,6
8.3,0.557,0.356,3.27,0.126,13.7,91.2,0.9972,3.01,0.493,10.11,4
8.68,0.394,0.31,2.64,0.092,10.1,42.1,0.994,3.56,0.767,11.46,6
7.99,0.594,0.154,4.3,0.005,19.4,42.5,0.9959,3.51,0.806,9.9,6
7.41,0.803,0.269,2.86,0.113,7.1,32.0,0.9957,3.26,0.441,9.84,4
10.88,0.48,0.337,5.16,0.147,29.6,34.4,0.9949,3.33,0.937,11.29,7
8.46,0.596,0.0,5.23,0.185,18.8,40.0,0.9956,2.89,0.658,11.25,5
11.13,0.364,0.067,3.47,0.121,25.0,40.3,0.9985,3.2,0.724,10.28,6
11.59,0.743,0.475,4.89,0.055,20.4,46.8,0.9985,3.43,0.376,11.89,6
10.25,0.336,0.099,1.74,0.025,6.7,32.5,0.9952,3.59,0.693,8.5,5
9.72,0.3,0.167,4.85,0.195,1.0,44.8,0.9997,3.24,0.608,10.46,5
6.98,0.378,0.177,3.15,0.104,26.6,67.7,0.9962,3.21,0.525,11.29,5
7.42,0.358,0.06,2.37,0.151,29.3,64.7,0.9911,3.15,0.773,9.03,5
7.33,0.629,0.106,2.86,0.048,19.0,40.9,0.9973,3.6,0.778,9.47,4
7.62,0.105,0.435,2.84,0.089,23.2,54.7,0.9964,3.53,0.698,10.41,5
9.86,0.666,0.351,2.09,0.068,18.6,44.8,0.9986,3.3,0.667,11.92,5
6.51,0.53,0.344,2.82,0.14,38.2,79.0,1.0001,3.6,0.706,10.16,6
9.81,0.686,0.141,3.84,0.151,1.1,13.9,0.9973,3.34,0.574,8.5,4
10.62,0.452,0.13,4.65,0.149,20.0,39.2,0.9977,3.39,0.736,8.5,4
9.61,0.46,0.037,1.2,0.003,36.5,65.7,0.9958,3.33,0.556,9.08,5
10.38,0.655,0.189,3.94,0.068,26.5,32.2,0.9966,3.38,1.19,10.79,5
4.23,0.537,0.355,2.97,0.085,6.2,12.1,0.9992,3.47,0.251,12.05,5
8.73,0.682,0.406,6.12,0.113,17.5,62.2,0.9968,3.31,0.719,11.68,4
9.4,0.435,0.524,3.32,0.087,10.0,49.8,0.9972,3.45,0.433,8.98,4
9.03,0.649,0.119,0.9,0.09,25.1,72.0,0.9975,3.05,0.52,8.5,4
9.06,0.559,0.338,2.65,0.128,28.8,53.0,0.9927,3.04,0.508,9.86,4
8.53,0.495,0.411,1.67,0.118,19.3,31.5,0.996,3.42,0.837,10.95,5
8.24,0.523,0.058,0.49,0.119,11.9,62.2,0.9948,3.23,0.825,9.45,4
8.55,0.506,0.257,1.92,0.067,8.8,53.6,0.9988,3.48,0.736,10.75,6
10.42,0.606,0.439,3.89,0.074,8.1,63.5,0.9986,3.33,1.003,10.92,6
6.85,0.501,0.585,4.68,0.13,27.1,70.9,0.9991,3.44,0.857,10.17,5
8.08,0.445,0.643,1.14,0.062,30.7,60.4,0.9977,3.21,0.758,10.92,5
10.11,0.266,0.348,3.27,0.03,25.8,50.4,0.9941,3.51,0.683,10.88,5
8.29,0.425,0.263,2.02,0.051,28.8,51.4,0.9952,3.44,0.922,9.94,6
8.54,0.282,0.515,1.89,0.126,10.4,55.7,0.9997,3.3,0.589,9.58,5
6.71,0.262,0.139,3.47,0.091,20.4,64.1,0.9964,3.34,0.893,8.58,4
7.15,0.534,0.253,1.7,0.042,11.1,53.9,0.9997,3.34,0.91,11.64,5
9.03,0.287,0.585,2.11,0.057,14.6,42.9,0.9963,3.37,0.562,10.78,4
4.71,0.315,0.548,0.74,0.078,20.2,74.5,0.9961,3.28,0.603,11.26,6
6.89,0.559,0.556,4.43,0.067,7.1,44.4,0.9949,3.62,0.829,11.92,6
9.02,0.522,0.0,3.58,0.099,6.1,28.3,0.9991,3.59,0.839,9.94,3
8.89,0.166,0.462,2.69,0.028,1.2,36.2,0.9987,3.76,0.697,9.68,6
8.95,0.401,0.222,3.42,0.063,32.9,57.4,0.9962,3.39,0.612,11.12,7
9.55,0.276,0.277,2.47,0.138,19.6,28.7,1.0017,3.18,0.565,9.84,5
5.58,0.484,0.289,3.1,0.105,19.3,46.5,0.996,3.24,0.67,11.83,5
5.57,0.234,0.057,2.18,0.055,17.9,49.5,0.997,3.35,0.568,10.09,6
7.91,0.431,0.085,1.98,0.108,14.5,37.0,0.997,3.5,0.519,9.69,3
6.26,0.579,0.369,4.24,0.11,21.4,49.5,0.9969,3.22,0.606,8.5,3
5.38,0.724,0.0,3.22,0.136,18.3,31.0,0.9971,3.48,0.825,11.59,5
8.11,0.363,0.344,2.73,0.081,11.4,45.5,0.9961,3.34,0.589,10.46,5
9.12,0.205,0.512,2.62,0.083,8.4,24.3,0.9972,3.0,0.751,10.19,5
9.42,0.556,0.238,2.94,0.058,15.5,36.1,0.9936,3.58,0.693,12.43,6
8.5,0.65,0.327,2.27,0.084,19.6,56.1,0.9965,3.28,0.664,11.52,6
7.69,0.3,0.211,4.95,0.072,6.2,38.5,0.9977,3.0,0.385,11.59,6
11.26,0.57,0.471,2.46,0.084,20.0,44.4,0.9992,3.4,0.278,11.34,5
7.8,0.826,0.404,0.27,0.027,4.9,37.4,0.994,3.35,0.514,10.32,5
7.64,0.696,0.392,2.73,0.073,13.8,29.1,0.9955,2.97,0.563,11.05,5
7.67,0.707,0.0,3.03,0.059,0.4,35.4,0.9965,3.24,0.362,9.57,5
8.25,0.726,0.275,1.64,0.107,9.9,47.6,0.9983,3.25,0.746,8.5,4
8.16,0.339,0.463,2.0,0.068,34.4,56.6,0.996,3.49,0.921,11.41,6
8.96,0.304,0.24,3.31,0.108,1.5,32.7,0.9971,3.2,0.897,11.61,6
7.29,0.21,0.038,5.5,0.072,42.1,82.0,0.9933,3.33,0.586,11.74,5
9.25,0.843,0.638,2.55,0.136,9.9,79.9,0.9964,3.25,0.702,13.1,6
9.97,0.1,0.282,2.75,0.073,12.2,52.7,0.9979,3.19,0.861,12.6,8
9.68,0.706,0.38,3.43,0.115,13.8,45.3,0.9925,3.24,0.515,9.65,5
8.67,0.346,0.176,2.82,0.08,15.9,59.9,0.9978,3.34,0.276,9.58,5
8.08,0.246,0.815,4.01,0.101,9.0,43.8,0.9988,3.26,0.493,10.22,6
11.59,0.31,0.279,0.38,0.026,5.3,47.8,0.996,3.22,0.556,10.35,5
8.88,0.337,0.0,3.29,0.108,3.0,33.6,0.9946,3.33,0.739,8.5,5
11.49,0.687,0.207,3.81,0.068,22.1,35.3,0.9952,3.22,0.56,9.68,4
12.14,0.563,0.0,2.48,0.061,0.2,50.4,0.9951,3.56,0.716,11.5,7
5.62,0.556,0.003,0.09,0.136,29.7,44.1,0.9991,3.24,0.841,9.75,5
10.53,0.256,0.364,0.61,0.107,15.5,71.3,0.9971,3.35,0.479,9.07,4
9.15,0.328,0.021,2.38,0.061,18.1,57.9,0.9996,3.43,0.617,11.72,6
7.27,0.646,0.196,1.16,0.051,22.9,64.4,0.9952,3.28,0.667,9.87,4
9.98,0.552,0.389,1.9,0.107,17.7,24.5,0.9968,3.27,0.704,11.03,5
10.04,0.672,0.168,4.38,0.042,6.1,28.8,0.9971,3.38,0.89,8.99,5
9.43,0.334,0.342,0.77,0.006,19.7,55.0,0.9977,3.23,0.645,9.89,5
10.26,0.398,0.16,4.4,0.138,19.8,35.1,0.9964,3.25,0.299,9.94,3
8.75,0.69,0.27,1.25,0.022,2.0,50.4,0.998,3.38,0.291,11.14,4
8.83,0.524,0.487,3.53,0.101,8.0,12.1,0.9985,3.34,0.557,13.36,6
11.71,0.567,0.649,4.3,0.154,11.9,63.2,0.9975,3.28,0.771,10.42,5
9.57,0.533,0.325,1.4,0.061,20.6,43.3,0.9962,3.28,0.723,10.06,6
7.26,0.625,0.575,0.08,0.08,28.1,58.5,1.0007,3.46,0.841,9.79,5
5.02,0.525,0.502,0.58,0.156,4.7,5.4,0.9945,3.2,0.85,10.73,5
7.63,0.584,0.242,4.1,0.065,14.2,30.5,0.997,2.79,0.365,10.14,5
6.26,0.687,0.414,3.13,0.129,13.2,64.3,0.9934,3.16,0.54,10.64,4
7.15,0.808,0.309,2.67,0.074,23.6,66.4,0.9963,3.31,0.491,12.01,6
9.5,0.246,0.62,4.58,0.088,0.2,23.7,0.9973,3.35,0.513,8.5,5
7.89,0.833,0.101,1.45,0.121,6.2,29.2,0.9987,3.23,0.732,9.58,5
7.71,0.242,0.266,1.15,0.146,22.1,55.3,0.997,3.26,0.669,11.26,6
8.18,0.826,0.0,3.82,0.064,32.5,59.1,0.9955,3.25,1.013,9.88,4
11.79,0.537,0.204,2.66,0.039,24.0,47.3,0.9979,3.22,0.389,11.22,5
11.37,0.384,0.095,1.36,0.118,8.1,62.9,0.9972,3.19,0.757,9.98,4
9.03,0.589,0.332,2.24,0.027,2.5,28.8,0.9957,3.22,0.628,11.24,5
7.93,0.152,0.137,2.09,0.074,8.1,31.8,0.9942,3.33,0.736,8.5,6
9.33,0.562,0.33,3.5,0.092,27.4,42.1,0.9975,3.53,0.45,10.51,4
6.53,0.474,0.376,4.28,0.08,1.4,41.9,0.9959,3.15,0.433,10.58,6
6.28,0.66,0.431,2.64,0.149,23.2,53.0,0.9947,3.22,0.7,11.37,5
8.33,0.538,0.209,5.19,0.075,24.2,33.8,0.996,3.43,0.622,9.73,5
7.36,0.551,0.298,3.03,0.102,11.6,42.4,0.9978,3.13,0.974,11.44,6
7.72,0.466,0.615,2.89,0.129,10.5,55.2,0.9967,3.23,0.633,9.37,5
8.46,0.798,0.0,2.33,0.126,23.5,51.5,0.9948,3.27,0.481,10.07,6
8.38,0.754,0.408,2.16,0.097,42.8,59.3,0.9947,3.11,0.937,10.4,6
9.39,0.482,0.397,1.28,0.092,17.7,29.4,0.995,3.26,0.401,8.63,5
6.89,0.711,0.569,2.22,0.036,28.7,76.3,0.9966,3.44,0.664,11.87,7
8.42,0.6,0.0,2.94,0.049,16.0,42.6,0.9962,3.56,0.507,10.09,4
8.79,0.773,0.147,1.82,0.083,13.9,52.6,0.9978,3.49,0.83,12.1,5
9.75,0.877,0.419,3.88,0.056,11.3,59.4,1.0001,3.47,0.704,10.89,4
8.43,0.661,0.099,2.04,0.098,38.5,71.0,0.9975,3.39,0.721,11.66,5
6.5,0.491,0.561,4.57,0.056,31.1,70.3,0.9971,3.5,0.588,10.69,5
4.53,0.552,0.269,2.37,0.082,13.4,57.4,0.9967,3.14,0.51,9.37,5
7.6,0.581,0.408,2.45,0.098,13.6,29.9,0.9978,3.38,0.634,9.77,5
5.52,0.727,0.655,2.6,0.072,10.8,50.8,0.9962,3.09,0.752,12.81,5
7.72,0.312,0.367,2.49,0.093,1.6,40.5,0.9991,3.28,0.423,11.51,5
8.1,0.787,0.067,4.06,0.112,17.6,39.2,0.9961,3.37,0.619,10.61,5
6.35,0.228,0.237,2.25,0.087,19.6,48.8,0.9989,3.16,0.817,10.23,6
8.47,0.43,0.267,2.16,0.104,7.4,37.8,0.9975,3.34,1.041,9.46,5
8.9,0.756,0.433,5.03,0.012,16.7,54.4,0.9969,3.16,0.617,11.19,5
6.18,0.875,0.271,3.3,0.06,31.2,50.0,0.9972,3.39,0.463,10.91,5
7.55,0.402,0.27,2.76,0.124,10.0,14.2,0.9958,3.33,0.839,10.23,5
7.3,0.811,0.304,2.74,0.112,29.4,35.5,0.9979,3.38,0.921,10.17,5
4.33,0.558,0.371,1.85,0.131,20.7,54.9,0.9933,3.13,0.516,10.06,4
6.52,0.357,0.486,2.76,0.055,30.7,52.4,0.9966,3.13,0.716,9.23,5
8.45,0.542,0.216,3.77,0.063,25.5,43.6,0.996,3.29,0.731,11.56,5
7.92,0.475,0.255,4.9,0.079,17.5,30.5,0.9988,3.31,0.729,10.72,5
9.2,0.359,0.41,0.75,0.056,12.0,26.0,1.0025,3.19,0.195,10.83,6
6.0,0.654,0.258,2.08,0.093,23.7,36.7,1.0013,3.34,0.502,11.67,6
7.26,0.303,0.288,2.56,0.103,8.8,49.4,0.9966,3.15,0.656,10.58,5
6.5,0.642,0.269,0.93,0.026,11.6,29.6,0.9969,3.29,0.434,10.88,6
7.14,0.341,0.526,4.0,0.119,16.3,46.7,0.9979,3.21,0.751,8.75,5
7.03,0.334,0.521,2.52,0.081,25.7,65.5,0.9992,3.43,0.562,11.33,6
8.31,0.527,0.519,1.15,0.084,26.6,51.6,0.9981,3.24,0.633,8.68,4
8.74,0.3,0.467,2.23,0.176,36.6,51.3,1.0004,2.94,0.547,10.97,6
8.77,0.442,0.232,1.94,0.038,30.4,56.4,0.9966,3.33,1.282,11.44,7
7.2,0.245,0.609,1.02,0.149,19.7,57.5,0.9932,3.13,0.812,12.96,7
8.66,0.556,0.424,2.4,0.066,23.4,45.3,0.996,3.22,0.595,9.27,5
6.9,0.524,0.286,3.39,0.042,37.1,74.5,0.999,3.23,0.538,10.33,6
8.26,0.402,0.054,3.4,0.109,21.9,51.4,0.9953,3.46,0.659,11.18,5
10.41,0.432,0.455,1.7,0.078,7.4,30.5,0.9993,3.47,0.595,9.82,6
10.66,0.665,0.422,2.79,0.13,25.1,54.0,0.9972,3.3,0.485,10.3,6
8.85,0.292,0.473,5.09,0.024,29.8,59.0,0.9956,3.14,0.468,8.51,6
6.2,0.647,0.524,0.48,0.095,7.2,35.0,0.9975,3.44,0.682,10.24,4
8.89,0.581,0.286,0.27,0.125,18.9,61.3,0.9954,3.3,0.921,9.14,5
11.3,0.733,0.428,3.46,0.086,13.7,21.3,0.9974,3.36,0.186,11.32,4
9.69,0.614,0.064,3.45,0.074,22.4,43.6,0.9979,3.27,0.575,11.68,6
9.14,0.272,0.0,0.19,0.16,34.4,93.1,0.9965,3.44,0.775,12.98,6
8.58,0.641,0.009,2.11,0.086,42.4,85.7,0.9955,2.97,0.83,11.81,5
7.94,0.45,0.246,2.63,0.081,24.0,80.4,0.9945,3.27,0.615,10.29,5
6.23,0.534,0.527,1.53,0.082,24.5,66.4,0.9952,3.32,0.839,9.67,6
7.74,0.469,0.429,0.97,0.123,20.7,74.8,0.9951,3.16,0.593,9.86,5
6.67,0.19,0.649,3.93,0.046,8.3,19.1,0.9981,3.19,0.54,10.37,5
9.17,0.291,0.411,2.25,0.053,26.4,76.2,0.9953,3.06,0.476,10.77,5
9.75,0.635,0.149,3.08,0.097,15.3,59.2,1.0002,3.37,0.563,10.84,5
7.86,0.603,0.638,0.99,0.137,23.3,26.8,0.9981,3.49,0.648,9.0,6
6.95,0.811,0.4,2.18,0.105,23.2,43.4,0.9962,3.23,0.638,10.61,5
6.89,0.445,0.52,1.51,0.175,6.9,55.0,0.9984,3.29,0.758,10.72,6
7.98,0.43,0.115,1.26,0.096,34.1,48.1,0.9959,3.35,0.558,11.37,5
9.46,0.265,0.297,2.96,0.144,22.2,48.5,0.9951,3.23,0.417,13.6,5
8.57,0.819,0.21,1.8,0.057,25.7,65.9,0.997,3.13,0.572,10.29,5
4.0,0.484,0.246,4.44,0.09,34.0,62.0,0.997,3.21,0.677,10.89,5
7.34,0.73,0.191,2.91,0.014,23.8,43.9,0.9978,3.26,0.917,9.02,4
11.43,0.29,0.0,1.5,0.075,13.6,67.8,0.995,3.36,0.881,8.89,6
8.43,0.836,0.0,0.89,0.097,9.0,45.9,0.998,3.16,0.451,11.53,4
8.57,0.608,0.37,3.26,0.157,0.5,6.3,0.9978,3.47,0.87,9.58,4
8.7,0.57,0.29,1.57,0.07,2.4,45.4,0.9968,3.37,0.538,10.4,4
6.85,0.568,0.146,0.94,0.116,36.3,88.2,0.9983,3.03,0.77,10.66,4
4.86,0.455,0.497,3.52,0.036,24.8,66.6,0.9959,3.22,0.454,11.07,5
9.57,0.401,0.322,2.34,0.087,10.0,53.5,0.996,3.22,0.448,8.5,4
4.64,0.326,0.375,1.9,0.093,10.3,46.5,1.0024,3.3,0.658,11.99,5
8.97,0.766,0.252,3.16,0.111,33.7,59.0,0.9938,3.34,0.856,10.72,4
7.91,0.614,0.067,2.58,0.102,16.1,55.9,0.9973,3.38,0.742,11.63,4
8.08,0.617,0.366,3.62,0.171,22.5,73.3,0.996,3.42,0.642,12.03,4
5.54,0.668,0.336,0.48,0.129,9.1,64.3,0.9999,3.08,0.818,11.54,5
8.46,0.679,0.086,4.16,0.107,16.9,49.7,0.9961,3.12,0.839,10.15,5
6.29,0.63,0.346,4.2,0.128,12.0,41.4,0.9951,3.51,0.642,9.73,4
6.21,0.426,0.108,2.73,0.107,20.7,50.1,0.9972,3.25,0.413,11.17,4
6.56,0.824,0.162,0.67,0.078,12.4,44.4,0.9981,3.06,0.652,11.2,6
7.59,0.766,0.0,2.73,0.059,15.5,42.0,0.9962,3.22,0.758,10.58,5
6.86,0.602,0.161,2.98,0.073,37.3,68.5,0.9967,3.46,0.572,11.17,6
8.05,0.242,0.319,2.78,0.03,5.0,37.9,0.9977,3.58,0.761,9.61,4
9.94,0.587,0.411,0.65,0.047,6.9,31.3,0.9933,3.27,0.69,9.98,6
9.01,0.636,0.09,0.51,0.078,15.2,76.2,0.999,3.27,0.729,11.5,4
6.95,0.309,0.425,2.26,0.101,27.6,48.1,0.9967,3.37,0.714,10.65,5
9.76,0.493,0.224,3.28,0.166,3.6,46.5,0.998,3.24,0.696,10.07,6
7.24,0.634,0.438,3.02,0.101,14.6,59.9,0.9972,3.33,0.73,11.03,5
6.9,0.299,0.18,0.83,0.074,3.1,36.8,0.9968,3.51,0.62,9.3,5
10.82,0.601,0.144,3.24,0.097,9.5,77.3,0.9978,2.99,0.431,11.48,6
8.47,0.705,0.535,2.35,0.127,31.3,102.4,0.9963,3.4,0.71,9.4,3
6.45,0.621,0.575,1.59,0.11,20.7,49.9,1.0008,3.21,0.783,9.8,5
9.73,0.207,0.286,0.99,0.081,24.5,48.9,1.0002,3.26,0.707,10.42,4
8.93,0.726,0.499,4.53,0.101,1.7,21.5,0.9967,3.23,0.625,10.96,6
9.65,0.291,0.128,1.7,0.027,24.3,52.5,0.9987,3.36,0.871,10.93,5
9.18,0.373,0.464,2.85,0.087,9.7,35.3,0.9957,3.33,0.493,10.59,5
6.14,0.689,0.197,1.46,0.088,1.4,44.1,0.9958,3.41,0.714,9.25,5
7.47,0.567,0.214,2.76,0.044,8.0,21.7,0.9972,3.3,0.782,8.75,5
10.45,0.489,0.381,2.74,0.084,7.1,35.6,0.998,3.41,0.487,10.62,5
7.08,0.371,0.114,2.08,0.101,2.7,31.2,0.9973,3.35,0.42,10.23,5
7.41,0.472,0.29,0.59,0.105,34.2,69.4,0.9992,3.6,0.533,11.68,4
7.14,0.314,0.314,2.59,0.081,18.7,52.5,0.9957,3.18,0.573,11.57,5
6.9,0.514,0.567,3.34,0.088,21.9,35.9,0.9925,2.97,0.482,9.36,4
8.96,0.564,0.0,0.82,0.036,5.3,28.3,1.0003,3.37,0.774,11.02,5
8.67,0.451,0.039,2.05,0.177,2.8,28.9,0.9973,3.33,0.57,12.33,5
8.33,0.543,0.0,3.22,0.12,28.8,48.2,0.9997,3.37,0.919,11.94,5
8.23,0.443,0.375,2.63,0.154,15.5,27.8,0.9995,3.23,0.989,8.5,5
7.18,0.464,0.139,1.13,0.087,34.0,60.9,0.9957,3.27,0.415,9.04,3
9.35,0.597,0.512,0.85,0.171,15.4,60.3,0.9953,3.35,0.89,10.29,5
10.35,0.366,0.54,5.1,0.089,3.9,44.7,0.9962,3.22,0.821,11.22,5
9.54,0.593,0.198,1.81,0.121,28.2,77.6,0.9952,3.26,0.585,11.94,6
6.93,0.552,0.129,3.12,0.076,24.1,54.8,0.9941,3.24,0.718,11.69,5
8.97,0.982,0.151,2.0,0.049,19.1,40.9,0.9999,3.44,0.664,11.52,5
8.51,0.517,0.332,0.03,0.077,18.8,55.0,0.9979,3.13,0.746,11.81,5
7.76,0.584,0.167,4.35,0.039,12.3,20.1,0.9952,3.19,0.641,8.5,3
6.21,0.353,0.078,2.4,0.088,6.3,10.9,0.9951,3.22,0.795,10.41,5
7.37,0.992,0.138,4.71,0.104,0.8,66.5,0.9962,2.91,0.419,11.3,3
8.41,0.55,0.433,3.74,0.055,19.8,67.2,0.9972,3.33,0.627,9.84,5
7.5,0.369,0.43,3.77,0.08,9.8,28.0,0.9968,3.27,0.384,8.5,5
6.77,0.577,0.334,2.44,0.115,25.9,97.6,0.9961,3.68,0.666,9.7,5
8.01,0.575,0.05,1.87,0.112,7.9,16.1,0.9994,3.26,0.929,8.5,4
7.76,0.53,0.146,3.64,0.043,30.6,69.4,0.9912,3.43,0.621,11.32,5
6.72,0.391,0.204,3.21,0.104,23.9,46.8,0.997,3.11,0.393,8.57,5
9.2,0.518,0.288,3.17,0.024,11.4,38.3,0.9986,3.28,1.003,9.91,6
9.35,0.803,0.593,0.52,0.091,36.3,67.9,0.9968,3.22,0.715,10.06,5
8.95,0.371,0.154,0.82,0.094,14.9,54.2,0.9977,3.27,0.242,9.8,4
6.11,0.795,0.498,1.35,0.1,6.7,56.7,0.9983,3.24,0.46,10.25,4
10.4,0.541,0.706,3.55,0.151,3.9,10.6,0.9961,3.53,0.715,11.23,6
9.96,0.35,0.293,2.79,0.086,5.5,38.8,0.9948,3.26,0.638,10.52,6
5.87,0.641,0.478,1.54,0.08,18.6,54.8,0.9969,3.43,0.714,11.49,6
7.93,0.81,0.443,2.54,0.035,7.5,52.1,0.997,3.41,0.9,10.07,4
10.31,0.496,0.314,0.78,0.107,20.5,54.2,0.998,3.39,0.575,9.22,5
10.17,0.472,0.406,4.66,0.146,45.0,65.8,0.9992,3.43,0.423,11.01,4
4.33,0.782,0.254,0.95,0.043,5.1,19.6,0.9981,3.48,0.831,9.61,4
7.31,0.816,0.238,3.47,0.103,20.8,44.3,0.9964,3.42,0.559,10.38,5
6.93,0.514,0.377,3.19,0.104,22.8,69.5,0.9991,3.15,0.696,10.36,5
7.62,0.522,0.127,1.64,0.041,6.2,23.6,0.9977,3.19,0.795,10.96,5
8.39,0.131,0.0,3.35,0.124,14.2,23.4,0.9965,3.1,0.886,9.16,5
10.5,0.566,0.486,0.84,0.078,22.9,50.7,0.995,3.37,0.804,10.02,5
8.76,0.15,0.29,2.33,0.125,13.3,65.6,0.9962,3.44,0.817,10.61,5
8.82,0.228,0.0,2.9,0.059,1.8,70.8,0.9973,3.38,0.766,9.36,6
6.81,0.41,0.48,5.22,0.127,1.4,14.6,1.0003,3.3,0.738,12.02,5
9.57,0.434,0.099,3.18,0.139,27.4,61.7,0.9991,3.59,0.578,10.13,4
8.76,0.453,0.0,3.0,0.031,11.6,32.0,0.9955,3.16,0.612,9.52,5
7.97,0.35,0.387,2.78,0.079,14.3,60.2,0.9958,3.52,0.595,10.7,6
9.19,0.595,0.592,3.76,0.119,12.0,50.5,1.0012,3.32,0.645,10.08,5
7.7,0.536,0.463,2.34,0.047,11.8,43.5,0.9979,3.39,0.468,11.31,5
5.91,0.447,0.196,1.97,0.078,13.3,30.5,0.9986,3.11,0.506,8.99,5
6.42,0.393,0.28,4.17,0.111,28.0,83.2,0.9958,3.43,0.629,10.59,4
10.66,0.483,0.377,1.56,0.117,24.3,55.3,0.9968,3.42,0.441,9.4,4
8.79,0.58,0.458,4.7,0.071,36.1,62.8,0.9965,3.33,0.587,10.85,5
8.73,0.472,0.107,3.03,0.096,28.7,47.9,0.9996,3.4,0.872,11.43,5
12.77,0.572,0.402,3.32,0.1,24.5,45.1,0.9959,3.36,0.416,10.36,5
6.96,0.617,0.121,0.58,0.104,10.9,35.5,0.9968,3.38,1.039,9.68,5
7.92,0.83,0.49,3.54,0.15,19.0,67.5,0.9964,3.06,0.419,9.77,5
7.56,0.563,0.447,4.73,0.125,7.9,50.5,0.9969,3.12,0.733,10.58,6
6.74,0.263,0.0,4.14,0.004,19.1,41.4,0.9982,3.34,0.374,9.61,5
8.75,0.405,0.302,6.05,0.092,5.9,21.1,0.9957,3.24,0.494,9.51,5
8.03,0.725,0.254,4.82,0.115,7.4,42.8,0.9985,3.43,0.672,10.92,5
8.97,0.1,0.062,1.06,0.149,14.9,34.5,0.9966,3.2,0.55,11.67,5
4.07,0.105,0.212,1.83,0.073,3.6,36.3,0.9949,3.5,0.68,9.52,6
9.33,0.429,0.191,1.87,0.068,4.3,29.3,0.9954,3.32,0.405,9.49,5
9.6,0.711,0.059,3.62,0.08,32.9,43.4,0.9972,3.3,0.599,11.79,4
10.05,0.698,0.33,0.1,0.082,17.7,55.2,0.9996,3.08,0.822,10.09,5
7.75,0.797,0.0,0.11,0.112,10.4,64.7,0.9976,3.38,0.737,10.22,3
8.81,0.361,0.301,3.12,0.065,20.5,72.6,0.9974,3.35,0.898,11.57,6
6.83,0.652,0.575,1.32,0.034,5.5,24.9,0.9964,3.15,0.682,10.16,5
4.95,0.602,0.149,2.89,0.154,6.3,36.5,0.9975,3.22,0.382,10.11,3
11.61,0.748,0.427,2.88,0.084,18.0,35.8,1.003,3.16,0.651,10.83,5
8.78,0.61,0.142,0.4,0.041,29.5,37.9,0.9973,3.31,0.629,9.95,5
8.49,0.711,0.114,0.59,0.109,9.5,21.3,0.9985,3.23,0.33,10.14,4
9.86,0.78,0.152,2.7,0.038,15.9,23.8,0.9966,3.28,0.521,10.02,4
6.21,0.725,0.332,3.35,0.027,1.4,35.0,0.9985,3.15,0.265,9.66,4
6.97,0.312,0.502,0.67,0.083,16.2,38.0,0.9968,3.19,0.6,11.01,6
11.09,0.481,0.66,1.54,0.054,0.5,14.4,0.9935,3.39,0.488,9.97,6
9.23,0.412,0.35,4.07,0.132,23.2,59.7,0.9922,3.69,0.714,9.95,5
11.97,0.501,0.219,2.29,0.137,13.4,42.1,0.9969,3.24,0.687,11.4,5
8.92,0.504,0.273,2.13,0.09,14.0,47.1,0.9973,3.52,0.877,11.87,6
11.41,0.783,0.392,5.14,0.108,15.7,19.3,0.9945,3.56,0.725,12.72,6
8.4,0.625,0.38,1.97,0.119,7.2,37.9,0.9966,3.34,0.453,10.11,6
8.79,0.324,0.467,2.22,0.097,14.3,22.6,0.9992,3.25,0.885,9.96,6
7.84,0.688,0.0,0.34,0.155,23.6,41.8,0.9969,3.33,0.317,12.26,4
9.33,0.705,0.413,2.61,0.098,28.4,63.2,0.9967,3.05,0.641,10.1,5
8.24,0.179,0.423,1.39,0.141,8.4,21.0,0.9996,3.18,0.749,9.23,5
6.6,0.803,0.036,0.39,0.075,20.9,57.0,0.9921,3.44,0.874,9.89,5
6.91,0.707,0.247,2.21,0.115,27.0,33.1,0.9954,3.48,0.566,10.12,4
9.57,0.469,0.026,4.67,0.0,14.7,53.5,0.9952,3.52,0.199,12.66,6
6.68,0.539,0.048,3.04,0.058,1.2,33.2,0.9962,3.44,1.083,9.49,6
7.84,0.335,0.192,4.38,0.13,16.3,60.9,0.9964,3.44,0.484,10.53,5
6.55,0.639,0.483,4.13,0.079,14.4,48.8,0.9972,3.12,0.878,9.3,5
8.98,0.622,0.203,2.83,0.16,32.9,71.0,0.9947,3.46,0.35,10.65,4
7.84,0.651,0.239,4.14,0.102,12.2,29.7,0.9987,3.45,0.364,9.31,5
10.58,0.463,0.212,3.03,0.06,24.5,67.7,0.9974,3.61,0.329,9.29,3
8.7,0.404,0.501,2.95,0.027,6.8,49.1,0.9985,3.19,0.55,12.17,7
9.71,0.852,0.502,0.86,0.113,10.9,49.2,0.9966,3.28,0.922,9.57,6
6.65,0.876,0.016,2.38,0.138,12.9,46.5,0.9968,3.32,0.518,9.71,4
9.47,0.243,0.424,4.33,0.103,39.1,42.0,0.9942,3.43,0.841,10.32,6
4.55,0.305,0.458,2.34,0.072,19.2,24.6,0.9969,3.39,0.824,10.55,5
9.92,0.664,0.35,4.9,0.097,16.8,32.8,1.0004,3.51,0.669,11.11,5
8.43,0.618,0.342,2.57,0.095,17.0,23.0,1.0004,3.33,0.824,8.91,3
10.03,0.803,0.285,4.6,0.082,20.9,34.9,0.9934,3.26,0.953,10.45,6
5.36,0.496,0.472,4.01,0.063,14.8,39.9,1.0001,3.12,0.578,8.86,4
8.09,0.443,0.468,1.54,0.088,4.6,44.1,0.9956,3.29,0.678,11.68,6
5.33,0.361,0.229,3.5,0.086,7.8,54.5,0.9963,3.19,0.65,10.61,4
7.72,0.703,0.365,2.37,0.025,27.9,71.3,0.9988,3.14,0.621,10.89,4
7.31,0.642,0.0,0.19,0.12,2.1,34.1,0.9957,3.38,0.562,9.9,4
6.56,0.425,0.204,3.04,0.011,33.9,51.5,0.9989,3.11,0.596,11.1,4
5.5,0.631,0.042,2.27,0.032,36.6,71.0,0.9941,3.14,0.506,9.08,4
9.33,0.292,0.392,3.99,0.137,5.9,14.0,0.9959,3.32,0.698,10.5,6
9.56,0.233,0.101,1.6,0.074,23.2,58.5,0.9975,3.42,0.782,8.56,6
7.98,0.632,0.513,3.51,0.085,8.8,54.9,0.9984,3.39,0.723,12.44,7
9.86,0.73,0.045,2.27,0.081,40.2,81.5,0.9978,3.38,0.833,12.18,5
8.52,0.599,0.519,1.88,0.052,26.2,46.6,0.9964,3.24,0.422,8.5,4
7.99,0.487,0.355,3.86,0.103,1.0,30.7,0.9962,3.4,0.598,8.52,4
7.58,0.649,0.507,3.02,0.091,23.6,70.3,1.0002,3.31,0.645,9.31,6
10.35,0.1,0.302,2.16,0.116,28.4,38.1,1.0003,3.54,0.715,10.73,6
7.35,0.569,0.074,2.55,0.079,34.8,64.9,0.9967,3.49,0.623,10.31,5
8.75,0.197,0.322,1.8,0.157,2.1,18.6,0.998,2.91,0.666,8.58,5
8.21,0.571,0.458,0.42,0.129,13.9,57.1,0.9984,3.4,0.745,11.99,4
7.06,0.673,0.542,2.55,0.025,1.2,31.9,0.9947,2.97,0.642,9.76,5
9.18,0.741,0.354,4.39,0.13,23.0,60.4,0.9973,3.31,0.505,10.68,4
6.12,0.717,0.571,2.68,0.164,20.6,41.3,0.9988,3.17,0.673,9.09,6
8.85,0.783,0.427,4.18,0.111,0.0,30.6,0.9965,3.37,0.584,9.35,4
4.21,0.662,0.163,2.1,0.08,2.6,43.5,0.9984,3.33,0.603,9.43,5
6.26,0.678,0.039,4.62,0.032,23.4,53.8,0.9976,3.39,0.785,9.17,4
7.33,0.449,0.151,3.48,0.047,24.5,41.5,0.999,3.49,0.668,10.93,5
8.57,0.736,0.405,2.89,0.121,24.0,42.8,0.9958,3.28,0.792,10.75,5
9.87,0.648,0.233,1.95,0.06,18.3,54.5,0.9968,3.2,0.884,11.26,5
6.96,0.565,0.368,1.0,0.04,5.5,35.7,0.9995,3.32,0.577,9.1,5
8.35,0.441,0.106,5.64,0.111,29.1,36.0,0.997,3.42,0.86,10.48,5
7.28,0.406,0.23,1.87,0.069,10.9,47.6,0.9979,3.51,0.568,9.3,5
8.7,0.358,0.21,3.1,0.097,3.7,42.6,0.996,3.59,0.857,11.53,6
10.17,0.559,0.301,2.12,0.081,0.6,24.8,0.999,3.28,0.66,11.5,5
11.61,0.71,0.222,1.27,0.062,17.0,46.0,1.0006,3.35,0.515,11.61,5
9.76,0.533,0.0,2.83,0.112,8.4,8.9,0.9953,3.31,0.457,10.43,5
9.71,0.78,0.129,1.45,0.089,11.1,32.1,0.9993,3.38,0.869,11.63,5
6.34,0.394,0.346,2.3,0.038,25.0,57.4,0.9994,3.06,0.549,12.54,7
8.86,1.004,0.151,4.7,0.134,6.3,45.7,0.9951,3.45,0.886,11.83,4
7.2,0.584,0.335,3.54,0.01,18.2,46.1,0.9958,3.23,0.669,10.18,6
7.92,0.537,0.507,2.57,0.021,9.7,55.0,0.9968,3.14,0.808,9.26,6
10.27,0.505,0.0,0.59,0.041,19.0,50.0,0.9962,3.2,0.651,8.5,4
8.15,0.421,0.277,2.26,0.029,29.5,77.5,0.9939,3.4,0.948,10.61,6
7.53,0.487,0.618,2.35,0.054,9.5,52.0,0.994,3.46,0.593,11.47,6
6.53,0.452,0.52,3.19,0.021,18.9,36.7,0.996,3.34,0.683,11.81,6
8.13,0.631,0.0,0.74,0.016,10.4,44.3,0.9972,3.38,0.679,8.76,5
8.1,0.71,0.527,4.57,0.047,22.6,80.7,0.9971,3.33,0.798,10.15,5
10.78,0.529,0.257,3.08,0.063,16.7,55.5,0.9965,3.09,0.906,9.44,5
7.19,0.348,0.276,0.72,0.037,27.2,51.9,0.9953,3.24,0.67,10.43,6
9.76,0.945,0.403,3.64,0.006,0.1,36.0,0.9983,3.38,0.763,10.69,4
11.08,0.715,0.168,2.93,0.058,14.5,27.7,0.9951,3.15,0.621,10.17,5
7.68,0.76,0.623,2.11,0.109,11.8,36.1,0.9988,3.48,0.435,10.87,4
5.01,0.692,0.327,4.0,0.144,21.3,48.6,0.9958,3.21,0.459,12.31,5
7.69,0.818,0.219,2.89,0.053,29.3,72.5,0.9951,3.57,0.711,11.92,6
11.07,0.715,0.748,2.94,0.046,20.9,64.6,0.9974,3.39,0.653,9.56,4
8.19,0.519,0.311,0.91,0.073,7.4,43.2,0.9946,3.22,0.639,8.62,4
8.8,0.732,0.098,1.97,0.038,13.3,30.5,0.9978,3.27,0.487,12.1,5
10.59,0.223,0.0,2.24,0.083,4.6,15.8,0.9963,3.42,0.399,9.91,6
8.63,0.845,0.411,0.71,0.128,15.2,23.6,0.9977,3.37,0.938,12.54,5
4.54,0.391,0.313,1.29,0.099,8.0,10.0,0.9993,3.47,0.689,8.81,3
10.99,0.551,0.197,1.11,0.081,13.8,71.0,0.9936,3.48,0.397,9.31,4
6.48,0.428,0.045,3.37,0.065,6.9,11.5,0.9964,3.04,0.306,10.77,5
9.5,0.5,0.535,0.21,0.079,29.2,62.3,0.9962,3.45,0.759,9.91,4
9.42,0.351,0.24,4.1,0.097,10.2,49.1,0.9969,3.16,0.43,10.55,6
9.04,0.524,0.353,1.64,0.021,15.0,30.6,1.0025,3.52,0.526,11.61,5
5.82,0.779,0.334,2.37,0.064,10.0,30.5,0.9938,3.3,0.452,12.0,5
10.03,0.533,0.0,3.23,0.09,43.1,94.3,0.9971,3.23,0.677,10.25,6
7.87,0.32,0.315,3.29,0.072,12.6,41.5,0.9974,3.52,0.49,9.56,5
4.0,0.818,0.14,4.78,0.056,36.6,56.1,0.9954,3.24,0.733,8.5,5
7.08,0.524,0.294,3.03,0.027,19.3,59.9,0.9968,3.01,0.605,9.58,5
6.91,0.778,0.071,2.85,0.064,11.5,52.3,0.9966,3.35,0.639,8.5,3
9.05,0.561,0.445,3.66,0.126,15.6,70.2,0.9981,3.14,0.65,12.68,7
5.71,0.692,0.332,3.33,0.093,25.9,55.9,0.9968,3.18,0.732,10.32,5
5.3,0.605,0.15,3.52,0.114,42.0,87.3,0.996,3.41,0.666,8.5,4
8.91,0.726,0.076,5.98,0.062,24.0,65.1,1.0015,3.12,0.594,10.26,5
10.82,0.529,0.094,4.08,0.056,14.3,53.8,0.9964,3.34,0.907,11.12,6
9.09,0.807,0.156,2.92,0.083,5.7,42.0,0.9933,3.3,0.796,9.9,3
7.28,0.754,0.193,1.84,0.048,1.6,65.2,0.9943,3.4,0.681,9.72,4
7.76,0.403,0.387,4.27,0.092,31.5,61.2,0.9972,3.41,0.523,10.58,5
8.11,0.405,0.352,0.71,0.11,7.3,46.8,0.9989,3.74,0.699,11.21,5
8.48,0.443,0.411,4.17,0.11,12.7,66.9,0.9953,3.14,0.857,9.51,5
10.02,0.722,0.041,2.46,0.087,25.9,66.8,0.9964,3.02,0.749,10.05,5
6.99,0.592,0.148,1.38,0.033,24.3,50.7,0.9985,3.11,0.462,11.87,5
10.69,0.682,0.19,0.2,0.073,9.7,20.6,0.9961,3.38,0.805,9.57,4
11.44,0.343,0.339,0.88,0.09,12.5,30.0,0.9983,3.18,0.47,10.78,4
8.79,0.678,0.492,0.68,0.068,18.2,27.1,0.9963,3.31,0.536,10.89,5
12.35,0.308,0.348,1.44,0.097,24.1,29.4,0.995,3.41,0.781,9.94,6
9.09,0.604,0.424,1.0,0.043,17.9,42.8,0.9975,3.19,0.441,8.63,3
8.99,0.372,0.238,1.06,0.106,6.3,42.6,0.9967,3.31,0.683,9.34,6
11.99,0.341,0.198,1.63,0.116,26.2,69.3,0.9962,3.18,0.648,9.78,6
7.28,0.507,0.524,0.98,0.135,12.9,39.9,0.999,3.42,0.36,9.39,5
11.92,0.757,0.173,1.31,0.056,8.3,26.7,0.9963,3.51,0.814,9.54,5
7.07,0.369,0.0,3.48,0.085,27.8,61.2,0.9955,3.31,0.459,11.58,5
8.97,0.433,0.481,2.12,0.184,27.6,49.1,0.9974,3.51,0.568,10.2,4
10.16,0.773,0.0,1.09,0.061,1.7,23.8,0.9976,3.12,0.629,10.11,4
8.22,0.512,0.301,2.85,0.085,26.2,38.8,0.993,2.91,0.791,12.92,6
8.47,0.624,0.37,2.44,0.075,14.4,36.7,0.9957,3.28,0.891,10.33,5
6.69,0.577,0.498,3.49,0.119,33.6,44.0,0.9995,3.28,0.725,11.05,5
8.86,0.818,0.471,4.29,0.084,21.8,67.3,0.995,3.31,0.734,10.72,5
10.32,0.702,0.294,4.04,0.106,27.4,58.1,0.9976,3.13,0.426,9.27,4
8.91,0.7,0.407,2.38,0.131,29.2,63.2,0.995,3.32,0.56,9.28,3
10.7,0.713,0.412,1.73,0.101,27.9,32.0,0.9985,3.35,0.624,10.88,4
8.52,0.592,0.23,2.49,0.059,17.5,40.4,0.9983,3.27,1.04,10.7,5
9.85,0.396,0.023,3.77,0.083,23.5,46.8,0.9969,3.12,0.933,11.29,6
8.5,0.496,0.661,6.27,0.031,21.3,52.2,0.9974,3.28,0.867,10.85,5
11.62,0.604,0.0,1.98,0.121,8.1,26.0,0.9949,3.26,0.7,12.07,5
7.8,0.437,0.62,1.84,0.133,18.8,88.1,0.997,3.23,0.953,11.25,6
9.05,0.541,0.625,2.29,0.041,17.8,37.1,0.9952,3.46,0.794,9.01,5
10.29,0.603,0.259,4.68,0.043,22.5,37.1,0.9932,3.56,0.662,9.09,4
6.04,0.332,0.528,3.41,0.123,12.7,49.9,0.9969,3.35,0.638,13.4,7
11.04,0.632,0.213,2.8,0.127,3.4,42.6,0.9979,3.43,0.848,9.33,4
9.65,0.625,0.445,4.3,0.109,16.4,35.8,0.9968,3.19,0.724,10.39,4
9.15,0.431,0.0,1.84,0.185,13.1,23.1,0.9981,3.37,0.949,10.5,6
9.42,0.486,0.447,1.72,0.112,8.1,44.1,0.9984,3.5,0.778,8.5,4
9.87,0.638,0.184,1.42,0.127,19.7,50.8,0.9946,3.43,0.727,9.9,5
8.09,0.227,0.352,4.06,0.15,29.1,73.9,0.9957,3.11,1.001,12.39,7
9.24,0.373,0.13,4.11,0.064,24.9,52.0,0.9959,3.37,0.759,11.41,7
6.76,0.777,0.241,3.16,0.098,19.6,60.6,0.9944,3.57,0.616,10.58,5
8.01,0.41,0.488,2.03,0.082,31.9,43.0,0.9949,3.28,0.751,10.24,4
9.48,0.734,0.283,3.26,0.056,15.8,38.9,0.9975,3.4,0.611,10.37,4
7.95,0.542,0.106,1.11,0.129,10.6,41.3,0.9925,3.06,0.63,11.11,4
10.37,0.549,0.61,2.83,0.163,10.0,24.7,0.9963,3.08,0.789,9.4,5
7.13,0.558,0.269,1.08,0.046,17.9,41.2,0.9976,3.24,0.843,11.26,4
7.28,0.363,0.049,3.86,0.119,28.3,55.8,0.997,3.37,0.549,9.71,5
8.37,0.191,0.314,4.02,0.11,25.7,63.9,0.9981,3.35,0.609,8.64,5
7.24,0.425,0.294,2.2,0.048,32.2,42.2,0.9987,3.0,0.566,11.22,6
11.16,0.694,0.0,1.79,0.104,23.8,70.8,0.9955,3.43,0.469,10.84,5
10.73,0.406,0.127,3.09,0.09,24.5,39.9,0.997,3.37,0.663,10.48,5
4.84,0.583,0.288,3.93,0.068,10.7,43.6,0.9999,3.36,0.829,10.69,4
9.53,0.163,0.339,1.28,0.077,5.3,23.1,0.9962,3.29,0.986,10.08,7
8.18,0.545,0.421,1.26,0.054,8.4,14.5,0.9954,3.43,0.51,9.87,5
8.48,0.507,0.089,1.74,0.124,15.1,56.2,0.9953,3.23,0.596,10.13,5
7.25,0.76,0.0,2.44,0.151,1.2,21.6,0.9926,3.04,0.694,11.41,4
9.35,0.434,0.391,4.86,0.14,7.6,39.5,0.9938,3.12,0.597,9.59,6
8.68,0.391,0.352,4.86,0.067,27.3,55.3,0.9986,3.29,0.635,11.09,6
9.84,0.247,0.392,1.02,0.075,16.6,29.2,0.9976,3.32,0.549,11.07,6
7.03,0.61,0.169,4.41,0.028,14.9,54.7,0.9986,3.26,0.517,10.46,4
6.2,0.598,0.454,4.28,0.11,26.9,57.3,0.9953,3.69,0.438,11.33,5
7.67,0.858,0.512,3.58,0.094,9.4,49.4,0.9985,3.21,0.607,9.6,4
5.98,0.512,0.414,2.58,0.063,27.7,62.2,0.9954,3.17,0.443,9.18,3
7.23,0.617,0.509,1.99,0.113,10.2,27.6,0.9977,3.2,0.909,10.71,5
10.58,0.64,0.37,1.85,0.128,8.9,20.3,0.9942,3.15,0.802,9.55,5
8.16,0.753,0.34,3.22,0.149,2.9,34.1,0.9939,3.22,0.965,10.7,5
8.69,0.451,0.003,1.45,0.012,10.1,68.9,0.9981,3.25,0.648,11.57,5
11.06,0.506,0.501,3.27,0.051,15.3,65.1,0.9969,3.53,0.764,8.83,6
11.43,0.711,0.597,0.14,0.097,29.9,87.2,0.9995,3.37,0.586,10.27,4
8.02,0.466,0.259,0.46,0.075,17.2,48.9,0.9955,3.43,0.642,9.77,6
7.81,0.623,0.027,3.69,0.127,14.9,38.4,0.9945,3.23,0.368,10.48,3
8.27,0.604,0.107,1.44,0.073,29.2,53.8,0.9977,3.35,0.556,9.26,4
6.95,0.644,0.304,1.93,0.045,27.3,43.7,0.9954,2.83,0.937,11.69,4
9.58,0.444,0.247,3.09,0.012,4.6,31.3,0.9962,3.32,0.393,9.67,4
8.31,0.1,0.0,0.46,0.087,27.7,76.2,0.9987,3.5,0.691,10.79,6
8.12,0.589,0.213,2.31,0.077,6.6,47.7,0.9956,3.38,0.622,12.24,7
8.21,0.373,0.0,2.46,0.106,11.2,33.8,0.9964,3.42,0.604,10.9,5
7.21,0.663,0.344,2.13,0.106,18.4,50.7,0.9937,3.56,0.472,11.18,6
9.2,0.634,0.519,0.64,0.067,20.4,51.5,0.9963,3.32,1.013,9.29,5
5.59,0.267,0.466,1.01,0.124,10.0,28.8,0.9968,3.15,0.545,9.95,6
7.01,0.39,0.408,2.55,0.025,21.2,54.6,0.9966,3.66,0.539,9.48,6
4.76,0.429,0.353,4.9,0.044,12.6,61.5,0.9982,3.2,0.438,10.29,4
5.64,0.632,0.38,2.49,0.057,18.1,60.7,0.9968,3.28,0.665,10.37,4
6.03,0.56,0.13,0.83,0.085,15.9,47.5,0.9975,3.27,0.576,10.37,4
7.67,0.494,0.056,1.82,0.15,22.0,54.8,0.9945,3.12,0.55,10.9,6
7.31,0.245,0.239,3.01,0.011,27.5,54.4,0.9973,3.35,0.564,9.09,5
10.54,0.648,0.393,4.47,0.149,5.3,51.4,0.9949,3.33,0.618,13.45,6
8.47,0.674,0.063,0.47,0.077,20.1,39.2,0.9939,3.04,0.578,10.88,5
7.68,0.459,0.585,2.12,0.12,15.5,50.3,0.9947,3.29,0.808,9.9,5
7.5,0.808,0.291,0.94,0.165,27.1,52.9,0.9975,3.37,0.558,8.64,4
6.39,0.84,0.64,5.94,0.126,13.0,27.5,0.9963,3.48,0.664,9.97,5
8.46,0.269,0.329,3.75,0.125,6.0,33.5,0.9962,3.42,0.798,10.53,6
9.81,0.718,0.476,1.5,0.057,24.8,47.0,0.9924,3.21,0.256,8.5,3
10.73,0.578,0.008,0.8,0.03,29.6,37.7,0.994,3.27,0.714,9.34,5
11.32,0.595,0.0,0.75,0.076,32.4,50.8,0.9987,3.45,0.675,12.47,5
7.58,0.1,0.696,3.49,0.057,16.6,31.0,0.9939,3.47,0.539,11.07,7
6.56,0.528,0.0,3.85,0.105,12.1,41.2,0.9939,3.21,0.724,9.94,5
9.27,0.527,0.164,3.21,0.084,14.8,50.6,0.996,3.18,0.657,11.24,5
8.56,0.166,0.248,1.9,0.048,3.5,28.9,0.9953,3.18,0.773,10.5,6
9.04,0.436,0.217,2.67,0.063,21.3,37.8,0.9977,3.54,0.421,9.98,5
10.46,0.4,0.122,3.93,0.189,16.8,28.0,0.9951,3.2,0.384,11.36,6
9.75,0.399,0.241,5.69,0.095,17.4,54.4,0.9952,3.39,0.679,8.54,4
9.15,0.271,0.31,1.01,0.026,27.2,55.7,0.9963,3.24,0.67,10.4,6
8.44,0.632,0.346,2.43,0.117,19.4,71.0,0.9942,3.35,0.515,10.48,5
6.15,0.465,0.158,5.15,0.115,29.6,68.8,0.9959,3.36,0.986,9.91,6
8.88,0.436,0.219,1.57,0.112,5.7,24.7,0.9956,3.3,0.643,11.3,5
7.54,0.633,0.311,1.16,0.082,9.5,42.2,0.9967,3.59,0.488,8.65,4
8.47,0.35,0.0,2.64,0.088,7.9,16.3,0.9957,3.4,0.812,11.35,5
7.53,0.561,0.076,3.94,0.078,14.9,44.4,0.9952,3.19,0.462,9.62,5
10.0,0.971,0.693,4.04,0.077,15.9,45.7,0.9947,3.35,0.529,11.78,5
6.27,0.357,0.0,5.35,0.123,12.0,39.7,0.9936,3.07,0.835,9.53,4
8.31,0.5,0.026,1.83,0.032,22.8,40.4,0.9979,3.12,0.975,9.55,4
8.31,0.611,0.571,2.1,0.083,19.9,70.2,0.9946,3.32,0.638,10.68,6
10.01,0.561,0.595,4.37,0.175,11.5,43.1,0.9982,3.26,0.694,12.09,6
9.99,0.218,0.396,2.35,0.084,29.7,47.0,0.9976,3.33,0.741,11.38,6
9.56,0.507,0.093,1.08,0.126,25.9,64.5,1.0013,3.2,0.616,10.53,6
6.68,0.313,0.435,0.19,0.094,19.0,56.1,0.9979,3.19,0.572,12.0,7
5.83,0.598,0.637,3.42,0.114,20.4,58.3,0.9968,3.34,0.746,8.5,4
9.05,0.58,0.0,0.71,0.084,16.7,70.0,0.9971,3.56,0.631,10.5,5
7.97,0.481,0.38,3.65,0.099,10.2,41.7,0.9974,3.35,0.773,9.27,5
9.72,0.699,0.331,3.54,0.125,21.6,57.3,0.9951,3.39,0.723,10.6,5
8.87,0.713,0.362,1.62,0.088,2.6,35.0,0.9949,3.47,0.583,10.48,5
7.81,0.371,0.112,2.8,0.082,23.7,47.9,0.9985,3.29,0.406,8.9,4
7.94,0.386,0.197,4.61,0.08,9.2,43.9,0.9974,3.08,0.543,8.5,4
8.93,0.499,0.0,4.27,0.03,22.5,45.8,0.9939,3.36,0.889,10.21,5
7.39,0.694,0.474,4.13,0.087,10.0,52.9,0.9987,3.11,0.604,10.4,5
8.94,0.735,0.063,3.78,0.097,17.4,58.5,0.9951,3.17,0.775,11.42,6
6.4,0.759,0.356,4.13,0.071,23.8,65.2,0.9955,3.31,0.62,9.75,5
7.06,0.604,0.55,2.05,0.013,24.7,53.2,0.9973,3.26,0.667,10.46,6
9.57,0.336,0.281,2.8,0.022,5.3,43.6,0.9974,3.38,0.674,8.71,5
7.85,0.625,0.041,2.62,0.048,27.7,51.1,0.9948,3.46,0.644,10.7,5
8.54,0.615,0.066,3.06,0.082,6.5,8.0,0.9968,3.45,0.477,8.98,3
6.84,0.186,0.407,0.18,0.12,3.3,40.4,0.9964,3.26,0.767,10.79,5
6.44,0.251,0.153,0.91,0.047,18.4,45.7,0.999,3.06,0.62,11.18,5
8.13,0.474,0.105,0.22,0.125,14.8,36.6,0.9977,3.31,0.667,9.99,5
7.28,0.862,0.062,1.1,0.115,24.4,49.4,0.9967,3.35,1.068,12.41,6
9.1,0.565,0.0,3.68,0.09,20.8,39.2,0.9977,3.09,0.82,9.99,4
7.32,0.655,0.172,2.91,0.12,24.3,29.9,0.9976,3.24,0.835,10.08,4
8.04,0.382,0.443,2.32,0.121,24.8,47.0,0.9981,3.14,0.738,9.25,5
9.55,0.134,0.186,4.39,0.155,6.4,34.9,0.9989,3.35,0.442,9.95,4
6.6,0.755,0.438,5.31,0.039,19.5,73.4,0.9983,3.38,0.765,11.32,5
9.37,0.351,0.624,3.3,0.112,11.6,36.3,0.9994,3.16,0.558,9.1,5
8.37,0.662,0.44,1.8,0.068,23.4,57.7,0.9956,3.23,0.555,10.35,5
7.56,0.34,0.463,3.3,0.063,31.8,65.5,0.9926,3.37,0.881,9.47,5
8.95,0.791,0.081,5.87,0.084,21.4,36.3,0.9959,3.36,0.617,10.84,5
11.09,0.431,0.438,2.81,0.044,28.2,57.9,1.0005,3.39,0.578,9.88,6
8.03,0.352,0.208,4.0,0.099,6.5,38.3,0.9949,3.3,0.636,10.36,5
8.02,0.258,0.392,0.79,0.055,23.8,26.0,0.9972,3.11,0.823,9.2,7
8.36,0.674,0.036,3.37,0.064,28.8,57.2,0.9963,3.34,0.641,9.04,4
6.49,0.449,0.204,4.68,0.095,21.9,74.8,0.9957,3.29,0.337,11.9,5
6.49,0.534,0.257,0.12,0.055,12.3,59.9,0.9989,3.08,0.727,9.67,5
7.47,0.495,0.3,0.44,0.073,23.0,79.4,0.9951,3.68,0.142,9.41,5
8.83,0.399,0.434,2.28,0.066,23.1,53.2,0.9965,3.19,0.738,8.5,5
10.72,0.546,0.24,3.58,0.013,37.0,64.8,0.9976,3.36,0.974,9.36,5
7.45,0.272,0.058,3.28,0.085,21.6,31.6,0.9984,3.59,1.026,8.5,4
7.11,0.627,0.067,4.94,0.067,8.3,41.2,0.9904,3.13,0.678,9.72,5
8.76,0.177,0.545,3.31,0.11,25.3,68.3,0.997,3.7,0.743,9.54,5
7.55,0.574,0.199,4.71,0.162,14.7,67.9,0.9988,3.08,0.683,9.6,5
9.7,0.903,0.268,3.96,0.133,23.0,55.0,0.9976,3.4,0.455,10.18,5
9.01,0.373,0.256,0.85,0.112,17.9,60.0,0.9966,3.32,1.055,11.36,5
8.12,0.621,0.069,4.79,0.049,18.5,30.4,0.9938,3.36,0.556,11.02,5
8.71,0.713,0.533,2.42,0.049,0.5,12.1,0.9972,3.47,0.463,10.27,5
8.01,0.1,0.292,3.86,0.096,6.3,45.3,0.997,3.09,0.447,11.16,5
6.21,0.508,0.329,0.93,0.092,4.5,63.2,0.9978,3.39,0.508,10.85,5
6.81,0.605,0.186,3.23,0.084,12.2,47.5,0.996,3.0,0.985,10.51,5
8.05,0.474,0.312,4.0,0.004,12.2,33.9,0.9959,3.2,0.698,10.26,5
9.36,0.581,0.435,1.4,0.105,3.2,52.4,0.9937,3.49,0.725,12.76,6
8.98,0.427,0.515,2.19,0.068,14.7,54.6,0.9987,3.3,0.916,9.56,6
11.46,0.653,0.0,3.68,0.128,17.8,48.5,0.9966,3.23,0.353,9.08,3
10.49,0.438,0.394,3.7,0.118,17.5,50.3,0.9937,3.27,0.818,11.42,6
9.8,0.751,0.377,2.94,0.08,5.0,29.9,0.993,3.73,0.614,11.19,6
8.95,0.337,0.101,2.28,0.092,23.7,43.6,0.9967,3.42,0.729,9.82,5
8.32,0.644,0.482,2.68,0.106,8.7,48.5,0.9962,3.39,0.75,13.7,7
6.66,0.734,0.6,4.03,0.137,36.8,80.8,0.9998,3.42,0.343,10.39,5
4.65,0.418,0.392,3.32,0.063,4.6,38.6,0.9982,3.5,0.57,11.08,6
5.48,0.544,0.26,2.81,0.188,8.8,13.8,0.9954,3.57,0.663,10.15,4
9.78,0.497,0.253,1.74,0.088,14.1,48.8,0.9956,3.14,0.625,10.14,4
10.07,0.973,0.333,2.21,0.045,30.4,76.5,0.997,3.3,0.613,9.41,3
6.67,0.371,0.369,2.71,0.018,17.6,37.7,0.9937,3.48,0.544,9.58,5
6.92,0.974,0.0,3.23,0.137,23.6,50.0,0.9952,3.42,0.391,12.81,4
10.59,0.479,0.085,3.13,0.134,22.5,26.0,0.9993,3.06,0.976,11.15,5
7.36,0.302,0.505,1.6,0.061,28.6,89.1,0.997,3.46,0.83,10.19,5
10.02,0.342,0.226,3.67,0.067,16.8,32.6,0.9998,3.29,0.557,10.8,6
7.28,0.464,0.115,2.68,0.073,18.9,50.6,0.9968,3.29,0.544,11.01,5
4.44,0.849,0.252,4.57,0.061,2.7,54.1,0.995,3.36,0.785,10.91,5
8.82,0.343,0.378,2.4,0.135,21.1,48.8,0.9951,3.31,0.676,9.62,6
5.42,0.605,0.416,3.47,0.062,28.4,51.0,0.9955,3.35,0.43,10.62,4
8.78,0.498,0.564,1.7,0.128,0.4,43.6,0.9974,3.16,0.741,10.62,5
7.5,0.474,0.592,1.58,0.077,21.7,51.4,0.9972,3.47,0.437,10.46,4
8.46,0.471,0.279,1.58,0.122,35.0,82.4,0.9983,3.44,0.508,9.32,4
6.68,0.686,0.048,3.27,0.116,15.0,40.0,0.9943,3.3,0.57,11.51,5
7.78,0.404,0.362,4.78,0.026,26.5,51.1,1.0008,3.12,0.693,10.34,6
8.25,0.331,0.507,0.23,0.17,2.0,32.4,0.9954,3.46,0.786,11.32,6
5.4,0.781,0.225,3.16,0.162,14.8,40.3,0.9966,3.12,0.594,11.42,5
8.48,0.438,0.422,3.48,0.046,38.2,55.6,0.9943,3.54,0.617,11.96,6
7.68,0.708,0.087,3.28,0.128,10.3,51.8,0.9993,3.42,0.474,10.25,3
10.63,1.001,0.339,2.5,0.145,22.1,66.4,0.9992,3.23,0.71,10.16,3
9.46,0.669,0.475,3.01,0.089,9.7,9.8,0.9965,3.34,0.588,11.44,6
8.88,0.773,0.714,3.76,0.036,18.3,48.7,1.0005,3.46,0.688,11.44,5
8.68,0.638,0.379,3.0,0.073,7.6,33.9,0.9973,3.54,0.375,9.28,4
8.32,0.479,0.566,0.44,0.102,25.9,72.6,0.9986,3.29,0.733,12.18,6
10.07,0.427,0.143,2.65,0.061,35.8,88.9,0.996,3.17,0.688,9.57,5
6.96,0.267,0.278,1.41,0.168,31.2,71.0,0.9957,3.33,0.703,11.53,6
8.38,0.826,0.418,1.39,0.105,18.1,49.2,0.9976,3.42,0.519,9.86,3
8.11,0.52,0.691,1.76,0.069,14.8,37.7,1.0,2.94,0.53,8.5,4
5.57,0.653,0.276,4.49,0.157,9.6,50.6,0.9975,3.37,0.627,9.15,4
8.93,0.526,0.275,0.41,0.015,25.9,64.3,0.9959,3.34,0.473,12.16,5
8.61,0.505,0.319,2.44,0.072,6.8,20.0,0.9964,3.19,0.573,13.05,6
6.24,0.617,0.595,0.68,0.094,13.1,39.7,0.9976,3.33,0.396,11.1,6
8.71,0.537,0.156,2.37,0.058,11.0,38.0,0.9961,3.34,0.398,10.9,5
6.33,0.529,0.557,1.04,0.114,27.1,36.2,0.9951,3.24,0.734,11.6,6
8.1,0.727,0.48,2.42,0.054,19.9,31.2,0.9963,3.07,0.623,10.94,4
7.22,0.171,0.126,0.76,0.084,12.5,37.7,0.9981,3.24,0.655,9.31,6
10.47,0.863,0.18,4.55,0.095,10.7,48.7,0.9944,3.55,0.456,9.57,5
7.72,0.55,0.081,0.66,0.081,3.2,38.4,0.9935,3.43,0.57,11.64,5
7.05,0.55,0.288,2.52,0.022,1.3,30.4,0.9944,3.0,0.745,11.87,5
8.71,0.335,0.816,2.44,0.134,22.5,58.6,0.9964,3.24,0.607,9.3,4
8.2,0.325,0.234,1.61,0.087,32.8,68.1,0.9983,3.45,0.639,12.39,7
8.46,0.757,0.189,3.92,0.131,26.7,34.5,1.0,3.48,0.625,8.5,3
9.71,0.597,0.095,0.45,0.15,31.3,71.5,0.9962,3.07,0.638,10.22,4
8.81,0.506,0.375,1.95,0.093,29.2,41.6,0.9954,3.33,0.706,9.88,6
8.79,0.453,0.093,0.88,0.044,24.2,45.4,0.9963,3.3,0.295,10.63,5
9.85,0.572,0.0,4.12,0.159,30.6,77.7,0.9954,3.26,0.626,11.09,5
9.94,0.68,0.373,2.34,0.119,30.2,75.4,0.9966,3.4,0.56,10.17,5
4.11,0.655,0.018,2.52,0.099,19.1,64.8,0.9957,3.01,0.725,11.97,5
7.59,0.376,0.188,1.19,0.037,5.4,54.2,0.9966,3.48,0.641,9.61,5
7.79,0.661,0.277,2.45,0.06,23.5,32.7,0.9982,3.34,0.797,10.69,5
7.81,0.456,0.2,3.24,0.06,10.3,54.6,0.9996,3.16,0.512,10.75,4
10.07,0.515,0.0,3.9,0.061,22.7,53.7,0.9976,3.18,0.83,11.09,7
9.86,0.516,0.267,0.12,0.069,31.1,56.7,0.9976,3.48,0.729,11.46,6
8.71,0.263,0.323,3.01,0.054,29.3,57.7,0.9966,3.28,0.393,11.46,6
7.32,0.553,0.214,3.63,0.093,13.7,36.1,0.995,3.15,0.713,9.14,6
8.74,0.565,0.0,2.73,0.127,17.3,49.3,0.9957,3.47,0.826,11.9,6
6.29,0.712,0.394,3.28,0.103,6.6,44.5,1.0004,3.14,0.657,9.52,4
8.81,0.654,0.216,4.17,0.098,27.9,51.6,0.9948,3.3,0.847,9.67,5
5.41,0.628,0.114,0.75,0.023,8.8,21.0,0.9935,3.18,0.323,8.75,5
11.41,0.534,0.344,2.7,0.068,7.3,49.7,0.9969,3.52,0.41,10.27,4
6.23,0.615,0.187,1.08,0.096,34.2,60.2,0.9949,3.32,0.936,9.7,5
8.76,0.614,0.337,2.9,0.067,26.9,60.2,0.9999,3.22,0.71,12.51,5
6.7,0.357,0.0,3.07,0.068,5.7,32.3,0.9967,3.32,0.56,10.62,6
9.07,0.286,0.365,0.98,0.151,13.1,27.3,0.9947,3.27,0.573,8.82,5
5.98,0.652,0.142,2.19,0.115,8.6,21.8,0.9963,3.21,0.858,11.29,5
9.01,0.825,0.0,3.22,0.091,24.8,67.4,0.9984,3.49,0.73,10.21,4
8.76,0.588,0.381,0.51,0.059,1.0,33.8,0.9959,3.39,0.766,9.82,4
10.03,0.571,0.408,6.75,0.044,3.0,23.5,0.9978,3.37,0.902,10.55,6
10.23,0.82,0.011,1.56,0.134,18.8,47.4,0.9944,3.55,0.548,10.92,4
5.12,0.547,0.2,2.43,0.061,15.5,56.7,0.9975,3.37,0.682,11.6,6
9.87,0.687,0.046,0.89,0.096,11.9,26.4,0.9952,3.36,0.491,10.17,5
10.12,0.327,0.284,2.6,0.108,12.0,47.5,0.9951,3.36,0.752,10.24,6
6.69,0.548,0.741,4.1,0.118,21.7,26.4,0.9956,3.15,0.68,10.67,6
6.27,0.766,0.082,2.38,0.056,4.7,87.2,0.996,3.49,0.594,12.15,6
9.94,0.423,0.344,1.88,0.034,9.3,52.3,0.9967,3.18,0.683,12.37,8
6.97,0.487,0.15,3.41,0.047,27.7,69.8,0.9976,3.48,0.753,11.02,6
5.95,0.327,0.0,1.62,0.116,0.0,33.3,0.9969,3.32,0.795,11.14,6
5.24,0.766,0.264,1.94,0.063,25.0,25.1,0.9975,3.33,0.561,8.5,3
7.27,0.719,0.423,1.57,0.094,12.4,29.7,0.9967,3.31,0.478,8.75,4
7.74,0.496,0.143,1.45,0.104,9.1,35.7,0.9973,3.55,0.387,9.68,5
11.02,0.686,0.387,0.09,0.15,18.2,34.5,0.9985,3.54,0.788,11.5,5
8.98,0.477,0.304,3.77,0.131,11.1,46.9,0.9945,3.12,0.394,10.26,5
10.76,0.497,0.144,3.38,0.064,9.0,43.9,0.9983,3.32,0.801,9.73,5
8.11,0.658,0.327,2.49,0.07,20.3,70.0,0.996,3.36,0.836,10.05,3
7.4,0.696,0.357,1.81,0.033,10.9,46.5,0.9989,3.21,0.568,11.58,5
9.01,0.583,0.199,2.51,0.108,4.3,27.0,0.9965,3.13,0.85,10.85,6
9.06,0.436,0.089,1.61,0.038,14.8,46.0,0.9972,3.47,0.853,10.92,4
7.43,0.393,0.166,3.84,0.127,5.1,41.2,0.9959,3.34,0.833,9.89,5
8.28,0.313,0.057,3.48,0.097,24.5,73.2,0.9989,3.34,0.597,10.23,5
8.56,0.63,0.0,0.55,0.121,6.3,25.4,0.996,3.27,0.639,11.43,5
9.77,0.714,0.738,0.34,0.071,18.9,42.5,0.9951,3.25,0.859,11.59,6
8.61,0.244,0.162,3.51,0.066,11.8,53.2,0.9994,3.45,0.515,11.69,6
8.97,0.77,0.054,2.34,0.099,12.8,48.4,0.9933,3.44,0.762,10.23,5
7.09,0.646,0.0,2.69,0.113,31.7,67.9,0.9971,3.22,0.785,10.36,5
6.85,0.418,0.101,2.36,0.002,17.1,66.7,0.9937,3.03,0.613,9.18,6
9.55,0.638,0.488,1.34,0.038,27.9,44.4,0.9963,3.19,0.278,9.11,5
7.83,0.715,0.422,1.4,0.043,33.6,63.1,0.9993,3.3,0.615,8.89,3
9.38,0.655,0.292,1.34,0.002,34.2,68.3,0.9959,3.21,0.914,8.82,4
5.82,0.434,0.42,3.18,0.085,25.8,49.0,0.9972,3.25,0.613,9.64,6
10.82,0.444,0.15,0.61,0.085,8.5,50.9,1.0012,3.41,0.578,9.2,4
10.11,0.539,0.28,0.66,0.065,13.7,24.9,0.9943,3.42,0.407,11.14,5
6.95,0.503,0.368,1.29,0.084,5.6,23.9,0.9944,3.5,0.592,11.24,5
10.0,0.566,0.273,2.8,0.065,22.2,59.8,0.9998,3.4,0.955,12.11,5
6.9,0.428,0.525,2.65,0.105,25.4,61.3,0.9946,3.37,0.925,12.71,6
11.0,0.817,0.401,1.45,0.107,7.5,25.5,0.9974,2.99,0.605,9.89,5
8.39,0.356,0.041,3.0,0.123,7.7,25.9,0.9955,3.25,0.88,9.58,4
11.92,0.552,0.105,2.21,0.106,6.5,58.4,0.9979,3.48,0.558,9.18,4
7.19,0.2,0.595,2.35,0.041,6.2,51.3,0.9943,3.21,0.537,9.81,6
10.21,0.567,0.329,1.03,0.114,0.5,18.3,0.9995,3.31,0.68,8.71,5
8.13,0.65,0.28,1.38,0.092,8.5,31.7,0.9962,3.44,0.781,10.07,4
10.17,0.456,0.146,2.46,0.137,7.8,17.0,0.9975,3.11,0.355,10.69,4
9.27,0.609,0.128,1.22,0.055,29.0,45.8,0.9963,3.49,0.79,11.29,5
6.42,0.452,0.297,3.85,0.097,12.4,15.6,0.9966,3.23,0.653,9.06,6
9.63,0.601,0.05,0.36,0.137,16.0,34.0,0.9964,3.04,0.719,10.21,5
10.92,0.382,0.556,0.58,0.101,20.8,41.2,0.9991,3.16,0.64,11.01,6
8.72,0.312,0.67,2.06,0.051,16.3,81.3,0.9945,3.66,0.734,9.96,5
9.17,0.961,0.071,4.11,0.066,5.9,11.2,0.998,3.26,0.618,8.87,4
8.0,0.755,0.552,3.63,0.029,1.9,33.9,0.9977,3.17,0.473,10.55,5
9.38,0.695,0.183,3.17,0.099,14.3,59.3,0.9951,3.45,0.832,10.11,5
7.71,0.407,0.334,2.81,0.104,19.9,65.1,0.9972,3.48,0.471,9.32,5
6.61,0.526,0.069,2.99,0.073,33.3,90.1,0.9938,3.21,0.826,12.57,6
9.17,0.335,0.245,3.88,0.073,0.6,19.1,0.9971,3.48,0.523,10.44,5
7.37,0.363,0.425,3.39,0.125,22.8,62.8,0.9999,3.28,0.946,10.41,7
8.05,0.477,0.192,2.21,0.059,25.4,41.7,1.0014,3.29,0.42,9.82,5
10.15,0.477,0.0,4.57,0.134,23.5,48.9,0.9956,3.0,0.842,11.17,6
9.08,0.201,0.37,0.76,0.093,7.2,29.8,0.9975,3.78,0.53,9.8,4
7.75,0.386,0.358,2.72,0.008,9.7,39.8,0.9959,3.23,0.627,9.97,6
5.86,0.2,0.206,4.51,0.098,4.4,39.4,0.9949,3.27,0.789,12.7,7
6.87,0.824,0.174,0.83,0.088,9.0,54.3,0.9964,3.12,0.708,10.45,4
7.88,0.954,0.475,0.88,0.091,6.3,51.4,0.9963,3.27,0.78,9.1,4
6.8,0.287,0.061,1.76,0.069,15.8,57.7,0.9957,3.04,0.467,10.0,4
8.5,0.391,0.0,3.32,0.073,13.0,36.7,0.9963,3.54,0.721,10.28,6
5.18,0.262,0.549,0.54,0.114,5.2,55.8,0.995,3.32,0.584,8.99,6
9.81,0.117,0.439,2.02,0.047,9.0,45.8,1.0003,3.15,0.737,10.22,5
7.58,0.556,0.253,0.37,0.047,1.4,22.1,1.0005,3.19,0.968,11.2,5
8.6,0.733,0.315,3.47,0.046,20.6,77.1,0.9943,3.0,0.749,10.15,5
8.08,0.47,0.57,0.65,0.086,5.4,37.1,0.995,3.25,0.676,10.1,5
9.54,0.475,0.124,3.22,0.114,13.8,46.9,0.9955,3.23,0.51,8.5,3
7.08,0.563,0.488,1.59,0.015,15.9,46.7,0.996,3.5,0.606,9.98,6
9.35,0.535,0.099,3.62,0.08,23.1,68.4,1.0002,3.71,1.01,10.3,5
6.34,0.433,0.163,3.17,0.117,13.5,36.2,0.9958,3.27,0.21,8.65,3
11.17,0.382,0.319,1.68,0.059,9.0,36.1,0.9975,2.9,0.626,10.64,4
8.24,0.485,0.125,4.5,0.071,19.7,40.5,1.0,3.13,0.477,10.35,6
9.79,0.57,0.164,1.87,0.025,13.9,35.5,0.9973,3.43,0.559,10.49,5
9.33,0.237,0.443,2.01,0.073,6.9,37.0,0.9974,3.11,0.49,9.9,6
6.33,0.349,0.457,1.82,0.148,8.4,32.8,0.9945,3.43,0.889,11.58,6
10.25,0.473,0.308,1.68,0.081,11.9,67.6,0.9923,3.35,0.287,9.59,5
7.6,0.454,0.251,1.71,0.117,12.6,20.6,1.0002,3.08,0.905,10.02,5
6.99,0.877,0.243,0.65,0.036,9.9,18.5,0.9996,3.11,0.819,8.5,4
7.84,0.581,0.182,3.16,0.075,13.1,20.9,0.996,3.32,0.682,9.43,4
10.01,0.51,0.378,0.66,0.079,11.0,48.1,0.9955,3.3,0.443,8.53,4
5.84,0.971,0.309,1.47,0.144,26.7,50.4,0.9975,2.89,0.428,9.75,4
10.48,0.585,0.362,3.4,0.039,28.1,70.1,0.9966,3.3,0.462,9.13,5
11.93,0.767,0.076,1.16,0.075,0.3,27.3,0.9964,3.11,0.867,11.56,4
7.32,0.483,0.187,0.86,0.12,10.6,26.8,0.999,3.57,0.738,10.77,5
9.11,0.335,0.768,1.52,0.098,9.7,29.5,0.9982,3.45,0.603,9.59,5
8.88,0.457,0.245,2.64,0.139,19.2,65.9,0.9968,3.76,0.449,12.14,6
5.83,0.672,0.141,4.4,0.126,29.9,55.9,0.9974,3.36,0.437,9.88,4
8.22,0.623,0.43,2.81,0.153,22.5,91.8,0.9958,3.42,0.878,11.26,5
6.75,0.69,0.415,3.43,0.048,19.3,62.9,1.0,3.37,0.549,10.2,4
7.32,0.387,0.087,0.54,0.047,6.7,53.9,0.9986,3.11,0.423,9.37,5
5.29,0.416,0.187,0.24,0.114,24.5,45.1,0.9966,3.34,0.709,11.01,6
7.11,0.297,0.0,2.49,0.111,5.9,60.8,0.9959,3.2,0.718,9.72,5
8.31,0.297,0.173,3.26,0.153,12.4,45.9,0.9972,3.23,0.533,9.37,5
9.48,0.301,0.278,2.85,0.102,11.0,18.6,0.9951,3.37,0.465,10.03,6
7.55,0.531,0.261,3.65,0.095,7.3,13.2,0.9951,3.29,0.496,10.69,5
5.97,0.424,0.0,2.14,0.12,28.8,69.3,0.9965,3.28,0.772,13.01,6
9.78,0.136,0.551,3.87,0.212,14.3,40.3,0.9964,3.38,0.783,9.89,5
6.87,0.625,0.317,1.33,0.152,9.3,51.2,1.0002,3.43,0.584,11.13,6
7.5,0.485,0.0,3.16,0.071,17.6,57.9,0.9979,3.5,0.532,10.84,5
10.31,0.413,0.0,0.32,0.073,5.0,32.6,0.9947,3.22,0.531,11.57,5
9.73,0.44,0.136,3.87,0.088,11.3,70.7,0.9981,3.45,0.585,9.7,6
8.59,0.164,0.351,4.09,0.09,5.5,47.0,0.9973,3.35,0.895,11.59,7
7.39,0.205,0.374,3.2,0.088,12.5,39.9,0.9992,3.3,0.935,11.22,6
7.78,0.712,0.206,3.22,0.101,2.8,27.7,0.9974,3.44,0.857,11.67,5
9.01,0.636,0.22,3.03,0.114,1.9,6.6,0.9981,3.2,0.866,12.24,6
6.74,0.73,0.193,1.09,0.12,15.4,53.9,0.994,3.34,0.522,9.46,3
9.23,0.233,0.035,1.69,0.071,29.6,44.6,0.9973,3.22,1.189,9.62,6
8.75,0.277,0.417,2.32,0.044,28.0,39.8,0.9953,3.48,0.704,11.14,6
8.5,0.639,0.508,4.71,0.096,22.3,55.6,0.9941,3.46,0.62,11.86,5
7.8,0.28,0.436,2.51,0.094,16.5,37.8,0.9997,3.26,0.455,10.24,4
10.72,0.442,0.308,3.55,0.052,29.1,38.9,0.9949,3.45,0.344,9.42,5
8.49,0.512,0.563,2.29,0.14,17.7,27.6,0.9933,3.12,0.862,11.51,6
6.62,0.437,0.303,3.26,0.101,11.3,44.7,0.9967,3.54,0.829,11.3,4
6.97,0.685,0.379,1.45,0.089,15.4,44.0,0.9974,3.3,0.755,8.81,4
7.91,0.834,0.0,3.58,0.125,4.2,27.3,0.9979,3.48,0.617,11.87,5
9.19,0.349,0.024,2.55,0.073,27.8,59.7,0.9979,3.32,0.924,10.23,5
7.19,0.484,0.472,3.19,0.085,19.7,58.0,0.9935,3.19,0.675,10.59,6
8.72,0.749,0.0,1.2,0.11,11.7,56.7,0.9956,3.05,0.521,9.68,4
7.18,0.392,0.19,0.06,0.145,19.0,36.6,0.9921,3.26,0.554,9.01,4
5.5,0.366,0.083,2.31,0.137,1.6,10.0,0.998,3.27,0.639,10.76,5
7.8,0.764,0.364,0.93,0.052,18.7,46.3,0.997,3.28,0.755,10.94,5
8.89,0.565,0.048,3.44,0.065,12.4,62.0,0.999,3.38,0.641,10.62,6
9.8,0.626,0.493,2.08,0.122,18.9,53.4,0.9977,3.23,0.468,11.41,6
6.57,0.569,0.286,2.65,0.032,13.8,34.7,0.9934,3.32,0.344,12.64,6
5.14,0.389,0.024,4.88,0.124,13.1,41.2,0.9959,3.27,0.578,12.75,5
9.71,0.291,0.521,0.44,0.06,9.0,55.9,0.9984,3.31,0.41,11.76,6
6.24,0.777,0.0,0.78,0.081,14.4,50.0,0.9986,3.58,0.595,10.94,6
8.05,0.302,0.274,0.52,0.102,13.9,19.9,0.9957,3.26,0.679,10.63,6
9.4,0.343,0.194,0.16,0.115,19.7,39.2,0.9965,3.09,0.798,11.64,5
8.08,0.318,0.468,1.77,0.086,12.7,52.3,0.9946,3.34,0.544,12.14,6
9.56,0.1,0.147,2.83,0.049,1.5,39.8,0.9969,3.08,0.489,12.5,6
6.58,0.463,0.189,0.96,0.066,23.1,39.5,1.0001,3.3,0.646,9.82,4
7.94,0.549,0.219,2.93,0.162,25.7,52.7,0.9961,3.39,0.721,9.07,4
9.32,0.394,0.745,2.34,0.149,13.4,57.9,0.9963,3.06,0.638,9.69,6
7.93,0.47,0.063,0.26,0.078,26.0,63.8,0.9957,3.45,0.606,12.34,5
6.07,0.927,0.121,0.49,0.073,27.0,37.9,1.0002,3.41,0.885,11.22,5
9.6,0.473,0.126,2.49,0.126,1.4,52.8,0.9947,3.21,0.629,10.36,5
7.57,0.607,0.18,4.62,0.025,25.0,41.9,0.9984,3.51,0.935,11.85,7
9.26,0.12,0.101,0.82,0.073,11.5,29.6,0.9973,3.39,0.781,9.09,4
9.19,0.776,0.461,2.04,0.073,20.6,64.5,0.9987,3.25,0.759,11.44,5
7.44,0.611,0.42,1.39,0.079,34.8,60.9,0.9958,3.1,0.406,9.9,5
9.72,0.283,0.457,1.82,0.095,4.4,44.0,0.998,2.9,0.769,9.83,5
8.88,0.422,0.03,2.49,0.076,20.2,66.9,0.9979,3.47,0.586,9.95,6
11.3,0.318,0.24,2.14,0.09,1.0,43.9,0.9949,3.63,0.733,10.58,5
4.83,0.514,0.5,1.12,0.065,15.6,42.2,0.9977,3.16,0.783,9.54,5
7.19,0.564,0.168,3.41,0.078,14.2,79.1,0.9951,3.36,0.408,10.2,5
10.04,0.439,0.0,2.58,0.021,41.6,77.6,0.9966,3.16,0.421,12.16,6
7.23,0.45,0.0,1.33,0.061,1.3,54.8,0.9956,3.17,0.519,11.31,6
10.88,0.316,0.256,3.05,0.052,8.5,49.3,0.9992,3.48,0.66,11.81,6
6.21,0.664,0.604,2.08,0.066,17.7,51.6,0.9968,3.61,0.455,9.31,6
7.68,0.198,0.726,4.69,0.164,20.9,25.3,0.9981,3.39,0.36,10.21,7
8.13,0.656,0.302,3.05,0.085,0.4,21.5,0.9995,3.29,0.985,10.05,6
8.1,0.399,0.579,3.12,0.099,1.7,25.0,0.9973,3.05,0.764,11.53,6
8.13,0.387,0.103,1.7,0.133,20.0,41.6,0.9997,3.2,0.595,10.28,5
6.24,0.407,0.48,0.74,0.024,21.1,71.2,0.9975,3.11,0.839,10.32,6
5.52,0.927,0.022,2.68,0.1,11.8,36.9,0.9974,3.39,0.435,10.96,4
8.35,0.81,0.305,4.65,0.07,17.1,51.0,0.9958,3.21,0.533,9.65,4
9.83,0.384,0.299,2.0,0.133,12.6,17.4,0.9962,3.17,0.674,11.29,7
8.99,0.275,0.288,4.33,0.186,3.5,20.8,0.9956,3.11,0.239,8.71,4
8.02,0.636,0.328,4.27,0.098,16.8,39.1,0.9978,3.44,0.355,10.79,4
8.17,0.601,0.371,1.41,0.066,32.3,64.9,0.9971,3.37,0.68,9.29,6
8.16,0.612,0.155,2.75,0.122,14.3,33.9,0.9966,3.41,0.98,10.67,6
5.22,0.521,0.0,3.3,0.068,8.2,46.8,0.9977,3.22,0.708,9.59,5
8.25,0.764,0.043,4.42,0.007,31.8,34.4,0.9965,3.21,0.803,11.19,7
6.29,0.715,0.402,1.23,0.08,29.2,55.3,0.9976,3.48,0.453,9.12,5
8.61,0.33,0.72,2.83,0.121,14.1,50.3,0.9974,3.24,0.66,11.59,5
5.7,0.282,0.65,3.12,0.127,1.6,51.0,0.9971,3.42,0.565,11.54,5
8.5,0.432,0.359,0.41,0.058,17.7,45.7,0.9944,3.44,0.444,10.44,3
5.96,0.599,0.32,3.69,0.112,10.6,44.7,0.9929,3.31,0.62,9.76,5
7.38,0.571,0.255,3.58,0.079,10.9,73.5,0.9978,3.46,0.444,10.24,5
7.42,0.421,0.334,0.65,0.1,0.5,6.5,0.9986,3.43,0.971,9.54,5
6.69,0.539,0.372,3.6,0.113,16.3,43.5,0.9965,3.41,0.821,10.1,5
9.28,0.317,0.325,2.63,0.115,19.7,91.4,0.9966,3.21,0.552,11.24,5
8.31,0.679,0.472,0.04,0.134,29.9,66.1,1.0002,3.36,0.362,12.0,4
9.05,0.694,0.5,4.21,0.109,22.9,84.5,0.997,3.29,0.628,9.73,5
9.9,0.265,0.047,0.46,0.023,22.5,51.3,0.9965,3.34,0.92,11.54,5
10.06,0.449,0.432,0.64,0.062,15.8,49.3,0.9983,3.29,0.845,9.52,5
9.51,0.324,0.43,3.42,0.11,20.6,52.0,0.9947,3.47,0.656,9.57,5
8.61,0.431,0.0,5.16,0.106,31.1,60.6,0.9967,3.38,0.623,10.03,5
7.17,0.527,0.323,4.21,0.091,22.8,48.2,0.9975,3.37,0.537,10.38,4
11.06,0.641,0.168,2.01,0.067,13.4,76.7,0.9971,3.36,0.737,10.38,5
6.69,0.559,0.0,1.36,0.111,11.2,38.5,1.0003,3.03,0.519,11.4,4
7.09,0.453,0.187,2.43,0.134,7.1,24.3,1.0014,3.15,0.403,11.73,4
9.27,0.897,0.394,0.1,0.092,20.3,29.1,0.9939,3.08,0.762,10.46,5
10.51,0.591,0.389,0.28,0.052,14.9,44.0,0.9979,3.53,0.671,11.44,6
7.42,0.618,0.448,4.23,0.032,13.1,13.9,0.9989,3.36,0.672,9.93,5
9.62,0.716,0.113,3.12,0.085,22.9,47.9,0.9967,3.1,0.72,10.65,6
7.77,0.721,0.178,1.41,0.106,23.4,62.4,0.9951,3.34,0.638,12.5,5
9.32,0.523,0.187,3.12,0.051,6.7,20.9,0.9973,3.26,0.547,11.07,5
10.61,0.277,0.044,2.34,0.121,18.5,39.5,0.9978,3.2,0.697,10.44,5
10.14,0.435,0.359,3.13,0.163,38.5,54.3,0.9969,3.41,0.529,8.68,5
8.73,0.397,0.265,2.44,0.034,28.2,76.9,0.9984,3.36,0.715,11.11,5
9.07,0.615,0.112,3.24,0.12,11.8,49.4,0.9969,3.12,0.779,10.61,4
10.18,0.429,0.445,3.31,0.053,16.8,47.7,0.9961,3.29,0.509,9.36,5
8.27,0.43,0.215,0.9,0.021,17.2,68.0,0.996,3.47,0.811,9.89,5
7.26,0.641,0.072,1.16,0.092,21.4,57.9,0.9961,3.35,0.701,10.02,4
6.98,0.305,0.0,1.17,0.066,27.6,59.0,0.9966,3.13,0.677,9.36,5
5.16,0.435,0.0,4.12,0.055,8.5,47.7,0.9942,3.26,0.527,12.26,5
10.14,0.522,0.117,1.34,0.108,36.4,37.0,0.9935,3.18,0.868,9.04,5
6.02,0.767,0.234,3.34,0.084,36.4,73.4,0.9981,3.12,0.616,11.02,5
10.19,0.493,0.309,3.01,0.141,10.7,10.9,0.9957,3.14,0.735,10.82,5
6.7,0.668,0.134,1.08,0.028,10.5,14.4,0.9975,3.37,0.63,12.47,8
4.53,0.9,0.695,4.43,0.101,11.0,39.1,0.9974,3.32,0.593,11.85,5
7.08,0.506,0.094,3.27,0.09,6.0,24.6,0.9997,3.21,0.499,8.5,4
7.77,0.317,0.415,1.23,0.035,4.2,25.5,0.9965,3.4,0.737,11.55,6
9.11,0.492,0.019,2.14,0.069,2.8,49.9,0.9932,3.46,0.854,10.99,6
8.83,0.302,0.119,3.42,0.087,33.6,62.9,0.996,3.19,0.331,10.89,5
7.69,0.383,0.164,2.67,0.106,32.3,60.5,0.9978,3.36,0.568,8.79,4
6.32,0.229,0.189,0.81,0.109,43.4,78.6,0.9954,3.26,0.648,10.79,6
8.26,0.331,0.321,5.66,0.038,8.1,43.6,0.9965,3.37,0.601,10.39,4
6.85,0.287,0.189,3.33,0.114,9.4,36.9,0.995,3.32,0.473,11.12,6
6.69,0.558,0.431,2.92,0.182,12.5,41.5,1.0013,3.22,0.626,11.62,5
8.36,0.575,0.18,3.43,0.041,11.6,41.8,0.9982,3.4,0.585,8.94,5
9.46,0.635,0.496,3.6,0.136,15.4,50.4,0.9956,3.51,0.774,11.25,4
12.09,0.551,0.697,2.3,0.026,7.6,31.7,0.9953,3.22,0.74,10.38,5
7.21,0.368,0.148,2.31,0.098,8.5,24.9,0.9978,3.19,0.62,10.78,6
6.77,0.587,0.307,5.8,0.113,10.5,33.9,0.9974,3.58,0.558,11.42,5
6.27,0.468,0.338,0.09,0.103,11.4,24.4,0.9947,3.08,0.487,9.08,3
6.31,0.669,0.326,3.67,0.06,25.4,33.6,0.9936,3.55,0.699,9.47,4
7.83,0.712,0.515,1.01,0.151,16.4,38.3,0.996,3.22,0.792,10.56,5
9.23,0.77,0.284,0.91,0.017,22.5,71.7,0.9949,3.46,0.634,10.87,5
8.09,0.607,0.431,1.85,0.077,14.1,38.6,0.9972,3.22,0.426,8.53,6
10.84,0.571,0.44,3.87,0.091,27.5,69.5,0.9975,3.25,0.841,12.09,7
10.71,0.504,0.344,3.48,0.071,0.6,16.1,0.995,3.49,0.547,10.09,5
6.9,0.655,0.047,0.89,0.097,20.1,69.0,0.9975,3.27,0.559,9.62,4
6.88,0.294,0.377,4.27,0.155,9.3,46.0,0.9971,3.5,0.661,9.01,5
7.57,0.314,0.542,3.16,0.129,16.3,26.6,0.9965,3.6,0.673,10.11,6
8.87,0.287,0.213,0.25,0.039,21.1,38.6,0.9937,3.4,0.46,9.7,5
7.41,0.24,0.492,3.7,0.073,17.5,30.8,0.9975,3.35,0.418,11.59,7
6.81,0.704,0.518,2.91,0.069,34.3,95.7,0.9945,3.57,0.395,12.26,5
8.62,0.361,0.529,0.6,0.087,10.1,29.1,0.9976,3.32,0.831,11.55,6
10.87,0.398,0.112,3.84,0.096,11.2,65.5,0.9999,3.44,0.935,10.21,5
9.73,0.659,0.455,3.44,0.043,30.8,62.9,0.9949,3.13,0.587,10.53,5
7.5,0.269,0.515,1.59,0.004,20.9,63.2,0.9953,3.26,0.522,12.69,8
8.23,0.561,0.093,2.14,0.065,5.6,30.1,0.9935,3.4,0.548,8.63,4
8.99,0.458,0.261,2.87,0.074,14.7,43.2,0.9975,3.15,0.507,11.0,5
5.89,0.355,0.106,3.47,0.147,5.3,46.8,0.9991,2.88,0.661,9.23,5
7.62,0.626,0.409,3.63,0.026,31.3,68.9,0.9967,3.37,0.544,11.85,5
9.89,0.827,0.202,1.36,0.13,22.9,59.9,0.9998,3.43,0.627,10.46,4
10.18,0.485,0.237,2.35,0.044,12.1,52.9,0.9974,3.35,0.637,9.16,5
7.76,0.367,0.203,2.82,0.084,13.9,41.8,0.9944,3.32,0.456,8.5,4
8.03,0.391,0.26,1.55,0.03,14.2,63.2,1.0003,3.67,0.7,12.12,6
8.34,0.558,0.327,1.45,0.043,4.8,47.9,0.9963,3.27,0.852,10.02,5
6.31,0.474,0.099,1.61,0.13,10.3,43.3,0.997,3.21,0.685,8.95,4
13.02,0.7,0.43,1.46,0.046,24.2,88.4,0.9983,3.22,0.55,10.7,5
8.83,0.463,0.043,2.1,0.106,0.6,45.7,0.998,3.19,0.689,11.08,5
9.0,0.364,0.442,1.53,0.092,26.2,67.3,0.9973,3.44,0.541,11.49,6
12.46,0.516,0.471,0.62,0.071,23.6,49.9,0.9959,3.3,0.558,11.32,6
9.02,0.43,0.525,2.52,0.083,31.8,67.1,0.9977,3.22,0.694,10.75,6
10.87,0.668,0.644,3.18,0.101,26.3,29.2,0.9942,3.43,0.849,9.91,6
9.06,0.548,0.172,3.98,0.078,30.9,31.6,0.9963,3.45,0.674,9.67,5
5.95,0.556,0.13,0.78,0.121,24.6,43.3,0.9965,3.58,0.641,10.73,5
7.58,0.797,0.391,3.3,0.055,13.0,60.5,0.9942,3.22,0.561,8.9,4
11.61,0.292,0.393,3.82,0.045,15.8,62.8,0.9951,3.54,0.858,10.84,7
8.53,0.548,0.296,2.68,0.109,26.3,48.2,0.9973,3.15,0.718,10.32,5
9.38,0.556,0.241,3.33,0.151,9.6,50.9,1.0005,3.19,0.41,10.03,5
6.34,0.465,0.158,2.27,0.14,7.3,26.6,0.9997,3.35,0.504,11.12,4
8.32,0.699,0.0,0.07,0.011,0.3,28.2,0.9986,3.32,0.681,11.8,6
8.17,0.23,0.551,2.35,0.15,0.8,19.3,0.9972,3.6,0.474,12.43,6
10.41,0.408,0.274,2.61,0.13,16.2,47.8,0.9941,3.23,0.633,9.94,5
9.47,0.376,0.231,0.82,0.12,10.0,54.1,0.9991,3.23,0.131,11.12,6
6.63,0.529,0.0,2.86,0.115,4.3,16.2,0.9966,3.54,0.716,8.69,4
10.74,0.439,0.327,3.68,0.025,21.2,41.5,1.0015,3.41,0.651,10.38,5
7.28,0.384,0.153,3.61,0.098,0.5,24.8,0.9927,3.39,0.399,11.13,6
9.49,0.501,0.0,3.47,0.069,18.8,37.1,0.9984,3.15,0.542,11.48,5
8.57,0.443,0.0,1.33,0.105,2.7,42.2,0.9983,3.12,1.035,11.63,5
9.88,0.486,0.03,1.49,0.147,16.3,39.0,0.9983,3.36,0.613,8.74,5
10.47,0.352,0.177,3.39,0.011,0.8,37.2,0.9945,3.29,0.683,10.52,6
5.57,0.411,0.225,3.27,0.084,8.6,64.4,0.9971,3.38,0.772,11.87,6
6.43,0.256,0.259,2.4,0.085,7.9,43.9,0.9982,3.21,0.387,9.99,6
8.14,0.363,0.105,2.76,0.008,24.0,66.1,0.9967,3.27,0.804,8.99,6
8.29,0.584,0.482,3.72,0.109,38.5,71.7,0.9995,3.43,1.012,9.86,6
7.11,0.792,0.504,1.61,0.172,38.3,94.1,0.9993,3.38,0.92,11.34,4
8.4,0.386,0.208,3.88,0.12,9.2,25.7,0.9964,3.35,0.754,8.5,4
8.73,0.214,0.165,1.14,0.083,19.8,43.6,0.998,3.17,0.705,10.82,5
8.68,0.877,0.0,1.85,0.108,10.2,45.1,0.9969,3.21,0.596,9.12,3
8.75,0.407,0.215,2.16,0.093,7.8,21.6,0.9925,3.29,0.556,10.05,5
8.61,0.564,0.0,4.21,0.1,13.0,13.6,0.999,3.03,0.707,11.87,6
9.62,0.517,0.231,2.23,0.039,4.9,33.9,0.9944,3.41,0.349,11.54,5
7.94,0.619,0.132,1.22,0.02,13.5,30.2,0.9986,3.24,0.735,10.24,4
6.59,0.506,0.373,2.67,0.072,22.8,56.1,0.9962,3.55,0.568,12.13,6
10.02,0.482,0.401,2.61,0.051,7.3,30.7,0.9968,3.07,0.451,11.13,5
9.77,0.965,0.021,0.54,0.134,20.2,48.0,0.9956,3.15,0.592,10.43,5
10.32,0.105,0.206,3.55,0.184,31.5,74.7,0.9972,3.33,0.727,9.76,6
11.01,0.423,0.044,3.1,0.153,35.7,60.9,0.9933,3.13,0.558,10.55,6
9.76,0.725,0.642,2.59,0.026,11.7,49.0,0.9937,3.28,0.702,9.9,5
8.09,0.346,0.391,3.29,0.146,7.7,31.4,0.9973,3.35,0.638,10.22,5
8.05,0.942,0.069,3.57,0.042,23.3,41.9,0.9957,3.04,0.694,10.5,4
4.68,1.007,0.257,2.03,0.076,11.5,36.2,0.9976,3.45,0.7,11.54,5
6.63,0.485,0.403,1.31,0.102,12.6,40.6,0.999,3.35,0.687,10.02,5
6.82,0.73,0.431,6.53,0.024,17.9,26.7,0.9954,3.52,0.571,11.13,6
5.38,0.458,0.365,3.86,0.088,9.9,33.0,0.9934,3.28,0.585,11.06,6
11.47,0.673,0.376,3.52,0.079,3.8,13.2,0.997,3.16,1.054,10.23,5
7.07,0.632,0.393,6.4,0.041,23.5,50.7,0.9986,3.39,0.649,10.52,5
8.5,0.456,0.38,2.42,0.079,21.3,52.0,0.9954,2.91,1.055,11.17,6
8.25,0.615,0.366,5.08,0.081,8.8,44.1,0.9995,3.29,0.711,10.57,6
8.26,0.334,0.127,2.15,0.107,31.0,59.1,0.9991,3.46,0.828,11.18,5
9.8,0.443,0.377,2.33,0.065,26.0,49.0,0.9984,3.37,0.745,9.19,5
7.51,0.637,0.278,2.76,0.115,6.0,15.4,0.9987,3.45,1.085,11.61,5
7.11,0.794,0.164,0.29,0.062,6.6,54.7,0.9942,3.18,0.408,9.96,4
9.22,0.438,0.349,1.87,0.068,10.4,35.9,0.9944,3.31,0.823,9.55,5
7.59,0.393,0.552,1.83,0.074,9.5,42.3,0.9972,3.49,0.569,10.75,5
5.09,0.506,0.385,2.75,0.039,20.1,45.5,0.9974,3.44,0.488,9.76,5
7.65,0.541,0.0,3.23,0.062,19.1,41.2,0.9984,3.48,0.736,8.5,5
8.38,0.509,0.027,2.14,0.051,20.0,43.8,0.9934,3.32,0.48,11.14,6
6.87,0.622,0.352,2.94,0.051,10.6,35.6,0.9934,3.13,0.323,10.41,4
9.17,0.563,0.372,0.66,0.142,5.9,31.9,0.9946,2.96,0.797,9.95,4
8.6,0.517,0.284,0.03,0.046,1.3,37.5,0.9947,3.31,0.405,12.71,5
8.52,0.361,0.386,2.72,0.062,12.0,70.7,0.9985,3.28,0.801,9.11,5
5.51,0.405,0.064,1.84,0.08,5.7,36.5,0.9938,3.21,0.704,10.34,4
8.7,0.615,0.31,3.32,0.106,21.0,71.6,0.9958,3.11,0.647,10.97,4
8.27,0.473,0.219,2.33,0.001,17.8,63.6,0.9984,3.08,0.408,8.5,5
11.16,0.645,0.0,3.14,0.006,11.8,65.1,0.9971,3.2,0.44,11.23,5
7.7,0.588,0.0,2.03,0.12,37.0,59.4,0.9915,3.4,0.536,10.64,5
9.39,0.631,0.307,0.26,0.082,17.4,80.0,0.9966,3.13,0.906,9.95,6
8.92,0.439,0.35,3.13,0.091,10.1,50.4,0.9955,3.3,0.908,9.95,6
8.76,0.92,0.475,0.03,0.069,2.2,28.6,0.9986,3.53,0.537,12.02,5
9.42,0.929,0.203,3.26,0.122,16.8,57.1,0.9963,3.34,0.774,12.27,5
8.71,0.343,0.307,0.04,0.028,34.5,63.1,0.9971,3.31,0.813,9.41,5
5.85,0.132,0.257,3.61,0.005,1.5,55.2,0.9987,3.1,0.437,9.8,5
9.04,0.596,0.0,4.12,0.087,13.1,48.1,0.998,3.4,0.654,10.26,4
9.56,0.683,0.196,2.27,0.13,30.0,63.5,0.9988,3.27,0.657,9.92,4
9.92,0.748,0.344,1.69,0.116,20.3,28.2,0.9963,3.33,1.105,10.22,5
6.25,0.691,0.0,0.53,0.049,4.2,39.9,0.9979,3.43,0.813,10.07,4
7.78,0.468,0.278,4.42,0.007,35.0,35.2,0.9968,3.29,0.494,9.43,5
10.92,0.66,0.509,2.08,0.122,25.0,40.5,0.9942,3.31,0.765,9.92,5
11.12,0.741,0.113,3.62,0.07,1.7,16.1,0.9961,3.51,0.391,12.24,6
10.23,0.558,0.169,2.04,0.033,7.2,46.7,0.9957,3.28,0.387,10.37,6
9.28,0.294,0.296,0.28,0.132,28.8,51.6,1.0011,3.19,0.825,10.15,6
5.86,0.815,0.0,0.8,0.018,35.0,71.4,0.9964,3.34,0.541,11.93,5
8.74,0.429,0.412,2.34,0.115,22.8,43.2,0.9971,3.32,0.723,11.41,6
8.12,0.405,0.219,3.99,0.015,16.5,65.7,0.998,3.51,0.352,11.14,6
9.89,0.17,0.468,2.33,0.058,31.5,89.2,0.9975,3.49,0.412,10.15,6
9.52,0.32,0.035,2.59,0.134,27.7,107.1,0.9969,2.96,0.444,10.01,4
7.65,0.669,0.117,3.17,0.144,9.9,38.8,0.9981,3.35,0.867,11.17,6
11.1,0.406,0.371,3.12,0.092,7.1,21.4,0.9948,3.32,0.831,8.97,5
9.1,0.612,0.229,4.04,0.053,13.9,36.7,0.9957,3.31,0.141,11.13,5
6.67,0.35,0.111,3.39,0.089,15.3,57.2,0.9958,3.27,0.57,10.94,6
8.02,0.513,0.507,1.91,0.074,19.5,53.8,0.9955,3.18,0.701,10.67,5
6.77,0.571,0.606,2.32,0.02,2.6,36.0,0.9972,3.51,0.551,9.32,5
5.63,0.595,0.051,3.29,0.091,26.8,68.5,0.9955,3.28,0.696,9.41,5
8.67,0.368,0.33,2.38,0.104,27.8,44.9,1.0021,3.32,0.525,10.45,5
7.36,0.854,0.072,0.41,0.07,22.7,47.2,0.9992,3.07,0.74,10.71,6
9.68,0.395,0.607,2.29,0.102,12.0,46.0,0.998,3.18,0.657,10.94,5
9.51,0.223,0.0,0.19,0.022,9.6,58.3,0.9936,3.18,0.814,13.71,8
11.2,0.581,0.371,1.53,0.043,0.9,39.4,0.9962,3.28,0.624,9.36,4
6.93,0.704,0.241,3.68,0.084,28.4,37.5,0.9927,3.49,0.331,10.76,5
6.36,0.521,0.143,0.73,0.071,27.4,38.0,0.9944,3.45,0.523,9.51,5
7.76,0.171,0.192,3.86,0.116,10.3,45.9,0.9956,3.35,0.654,10.68,6
11.33,0.302,0.337,0.14,0.107,14.6,34.2,0.9977,3.36,0.631,12.61,6
7.1,0.437,0.402,1.05,0.094,19.8,19.9,0.9968,3.23,0.674,8.56,6
8.24,0.558,0.133,2.72,0.054,15.4,38.3,0.9964,3.37,0.553,9.24,5
10.92,0.378,0.029,4.0,0.174,27.9,71.5,0.9956,3.42,0.698,8.61,4
9.67,0.614,0.432,4.68,0.107,14.1,24.1,0.9993,3.4,0.732,9.33,5
9.57,0.293,0.225,3.01,0.084,12.7,34.0,0.9987,3.47,0.687,11.4,7
7.0,0.789,0.106,2.54,0.144,12.6,43.3,0.9964,3.46,0.621,9.25,5
7.55,0.253,0.582,2.17,0.14,11.1,25.0,0.9966,3.31,0.696,8.5,4
8.17,0.396,0.368,0.47,0.056,13.4,27.1,0.9991,3.39,0.861,11.63,6
5.96,0.374,0.594,1.65,0.124,28.7,37.8,0.9958,3.46,0.493,11.41,6
8.08,0.394,0.535,1.26,0.1,5.6,29.8,0.9977,3.42,0.835,12.52,6
10.42,0.706,0.124,2.34,0.083,20.3,61.2,0.9996,3.47,0.716,11.05,5
5.97,0.328,0.443,1.9,0.079,14.9,29.2,0.9997,3.5,0.565,9.6,5
11.43,0.254,0.219,3.48,0.001,7.1,46.5,0.9945,3.31,0.634,9.97,5
8.81,0.153,0.135,1.36,0.123,19.0,45.6,0.999,3.04,0.485,9.44,5
9.27,0.74,0.299,3.21,0.098,16.2,51.6,0.9954,3.26,0.681,11.62,4
9.56,0.507,0.111,2.2,0.079,18.4,24.9,0.9957,3.36,0.801,9.98,5
6.65,0.517,0.158,2.09,0.069,11.8,42.9,0.9967,3.29,1.209,8.5,5
6.76,0.79,0.535,1.07,0.012,15.3,36.7,0.9981,3.05,0.385,11.76,5
8.56,0.488,0.331,3.75,0.069,5.7,42.9,0.9965,3.28,0.774,9.56,6
8.89,0.304,0.0,4.66,0.129,1.9,30.8,0.9993,3.05,0.539,11.35,6
6.92,0.322,0.103,5.57,0.049,25.2,70.0,0.9972,3.25,0.477,11.48,7
8.49,0.425,0.555,2.32,0.135,19.8,42.8,0.9978,3.13,0.693,12.4,6
10.23,0.754,0.311,4.43,0.126,10.4,33.2,0.9974,3.25,0.666,10.6,4
5.72,0.54,0.529,0.93,0.128,26.9,54.1,0.997,3.31,0.725,9.74,4
10.11,0.366,0.564,1.94,0.08,10.1,55.1,0.9959,3.2,0.616,12.79,7
11.48,0.541,0.382,3.57,0.118,5.9,56.4,0.9964,3.27,0.533,9.6,4
9.14,0.384,0.038,2.14,0.085,19.4,44.1,0.997,3.13,0.834,10.49,6
7.79,0.503,0.314,2.26,0.102,23.3,74.5,0.996,3.18,0.895,11.41,6
10.96,0.362,0.118,3.26,0.065,4.6,17.5,0.9994,3.38,0.851,9.74,5
9.82,0.45,0.431,2.72,0.068,12.4,33.3,0.9972,3.32,0.413,11.1,4
8.96,0.895,0.298,0.22,0.11,19.5,42.9,0.9978,3.43,0.738,13.25,5
10.78,0.482,0.631,2.55,0.145,7.6,39.6,0.9955,3.23,0.522,9.64,4
10.75,0.651,0.262,3.34,0.102,22.4,70.1,0.997,3.18,0.548,11.16,5
6.51,0.724,0.084,4.59,0.087,2.1,30.9,0.9949,3.52,0.65,10.15,4
9.83,0.522,0.283,0.32,0.022,16.3,32.3,0.9977,3.27,0.493,10.47,5
7.05,0.936,0.15,2.77,0.121,26.4,46.1,0.9961,3.25,0.922,10.77,4
8.92,0.885,0.278,2.67,0.072,0.9,20.7,0.9983,3.1,0.881,9.73,5
7.16,0.293,0.473,3.1,0.074,24.4,53.4,0.9981,3.12,0.902,10.78,6
7.25,0.766,0.68,2.22,0.121,17.2,47.9,0.9934,3.05,0.705,11.64,6
7.57,0.272,0.408,1.38,0.072,8.4,45.7,0.997,3.16,0.483,10.04,5
8.84,0.46,0.132,3.11,0.026,19.1,45.5,0.9973,3.56,0.726,11.81,7
9.56,0.626,0.17,4.24,0.095,3.9,42.9,0.9981,3.37,0.575,10.07,5
9.05,0.362,0.265,3.62,0.134,3.6,22.0,0.9978,3.12,0.744,8.65,3
8.13,0.423,0.162,2.59,0.087,32.2,68.0,0.9977,3.25,0.884,10.12,5
10.32,0.522,0.445,3.04,0.065,20.7,24.3,0.9958,3.3,0.72,9.45,5
9.71,0.63,0.591,4.27,0.058,3.5,59.5,0.9963,3.01,0.489,10.65,5
8.79,0.634,0.0,2.32,0.114,2.8,27.9,0.9952,3.62,0.674,10.86,5
11.8,0.444,0.154,2.23,0.047,8.3,20.4,0.9961,3.23,0.969,10.13,7
9.16,0.562,0.351,0.04,0.129,22.4,64.9,0.9956,3.3,0.591,11.12,5
7.85,0.462,0.163,1.17,0.052,15.9,27.4,0.9962,3.02,0.953,12.96,7
10.86,0.669,0.292,3.84,0.142,7.6,38.7,0.9988,3.16,0.566,10.22,3
8.49,0.354,0.287,5.2,0.124,16.0,42.9,1.0003,3.16,0.883,10.28,6
6.14,0.462,0.083,0.9,0.095,22.7,68.7,0.9959,2.99,0.409,10.11,4
7.74,0.461,0.3,3.53,0.075,25.7,57.3,0.9944,3.14,0.771,10.78,6
9.95,0.549,0.577,2.33,0.178,30.7,39.2,0.9973,3.12,0.919,10.08,6
9.45,0.665,0.097,2.84,0.146,8.3,46.5,0.9942,3.24,1.009,11.19,5
12.47,0.592,0.49,2.53,0.035,3.7,17.9,0.9986,3.92,0.915,11.28,6
6.43,0.59,0.133,2.07,0.068,15.2,48.3,0.9929,3.25,0.77,11.5,4
10.87,0.497,0.0,3.27,0.04,3.5,8.5,0.9984,3.38,0.926,10.75,5
5.21,0.593,0.306,1.92,0.128,9.5,67.0,0.9952,3.53,0.872,9.12,5
6.84,0.293,0.277,2.95,0.078,12.2,41.8,0.9991,3.21,0.582,8.53,5
12.65,0.51,0.0,2.04,0.043,31.1,67.3,0.9972,3.47,0.428,9.7,6
10.56,0.752,0.557,3.63,0.02,10.3,30.5,1.0,3.17,0.567,10.16,3
7.38,0.43,0.104,0.69,0.089,9.3,66.2,0.9956,3.37,0.837,10.07,5
7.22,0.359,0.684,1.36,0.102,19.7,58.8,0.9968,3.42,0.515,10.34,5
8.12,0.404,0.182,1.68,0.092,23.5,51.5,0.9978,3.57,0.913,10.71,5
7.1,0.504,0.545,3.26,0.074,10.0,59.3,0.9961,3.49,0.728,11.31,5
9.28,0.61,0.186,0.55,0.028,14.5,78.0,1.0006,3.34,0.724,9.87,6
8.42,0.706,0.318,5.32,0.15,10.1,26.8,0.9949,3.42,0.522,11.78,5
5.65,0.609,0.0,3.42,0.099,11.5,41.1,0.9956,3.42,0.625,10.17,5
7.71,0.729,0.277,5.43,0.108,15.4,59.5,0.9978,2.9,0.677,9.93,4
6.34,0.766,0.467,4.54,0.106,14.0,46.7,0.9982,3.39,0.511,10.05,5
9.59,0.65,0.0,2.51,0.117,5.3,42.4,0.9968,3.36,1.087,10.58,6
8.22,0.404,0.131,4.29,0.027,30.5,72.5,0.9966,3.48,0.441,9.21,5
6.98,0.7,0.39,2.04,0.138,24.0,41.0,0.9962,3.49,0.748,10.17,5
7.38,0.716,0.296,0.43,0.146,12.2,27.4,0.9963,3.05,0.429,10.99,3
5.12,0.603,0.078,5.11,0.146,16.8,62.0,0.9963,2.97,0.529,10.63,5
9.83,0.855,0.333,1.17,0.145,25.0,44.0,0.9992,3.23,0.346,9.76,3
9.77,0.571,0.354,2.26,0.085,20.5,21.7,1.0017,3.3,0.845,10.56,5
7.63,0.671,0.02,4.18,0.148,10.2,37.4,0.9963,3.51,0.706,12.13,5
8.63,0.425,0.419,2.13,0.069,3.8,55.4,0.9962,3.31,0.685,10.5,5
6.68,0.55,0.347,2.59,0.13,31.1,54.1,0.9946,3.34,0.75,8.85,5
7.6,0.578,0.232,0.78,0.048,17.4,51.2,0.9946,3.38,0.901,10.64,5
8.07,0.489,0.386,2.7,0.117,13.3,62.8,0.9978,3.36,0.574,12.31,6
8.0,0.724,0.172,2.18,0.122,26.6,43.9,0.9976,3.37,0.698,9.85,4
10.3,0.501,0.42,1.99,0.124,32.2,81.8,0.9963,3.4,0.952,11.75,6
9.93,0.642,0.356,1.16,0.141,17.4,43.4,0.9943,3.22,0.708,10.87,6
7.03,0.659,0.721,0.78,0.084,13.1,37.9,0.998,3.38,0.502,10.69,5
5.19,0.574,0.541,1.02,0.115,6.9,36.3,0.9955,3.27,0.854,8.5,5
9.4,0.438,0.0,2.77,0.078,18.4,57.5,0.9969,3.17,0.685,10.38,5
11.87,0.553,0.326,1.88,0.109,9.9,53.8,0.9985,3.22,0.337,10.96,5
7.8,0.689,0.493,1.06,0.052,8.2,38.4,0.9947,3.48,0.716,9.99,5
8.27,0.295,0.164,4.47,0.025,6.0,46.2,0.9973,3.54,0.804,9.94,5
6.98,0.258,0.091,5.32,0.116,18.4,40.2,0.9941,3.27,0.897,10.27,6
10.9,0.448,0.282,1.8,0.103,17.4,49.4,0.996,3.27,0.599,8.5,4
7.24,0.583,0.286,5.05,0.084,26.5,68.9,0.9977,3.29,0.628,8.5,4
7.65,0.617,0.0,2.67,0.035,14.1,40.0,0.9961,3.23,0.602,11.26,4
7.28,0.699,0.423,3.73,0.052,12.7,56.8,0.9969,3.2,0.57,10.97,5
8.3,0.395,0.135,2.65,0.105,30.8,55.6,0.9956,3.41,0.676,8.53,4
5.04,0.706,0.492,3.9,0.131,27.2,57.0,0.9965,3.61,0.868,10.44,5
9.15,0.681,0.596,2.13,0.096,12.3,36.8,0.994,3.5,0.566,10.82,5
10.56,0.1,0.399,2.18,0.073,11.9,57.7,0.996,3.24,0.106,12.07,5
7.77,0.368,0.224,1.05,0.066,0.7,55.9,0.9972,3.19,0.675,8.85,5
8.16,0.589,0.088,2.65,0.1,7.3,25.3,0.9978,3.43,0.844,11.56,6
7.6,0.453,0.08,0.81,0.073,9.8,17.3,1.0014,3.57,0.704,10.76,5
8.13,0.868,0.48,0.57,0.065,18.4,86.7,0.9934,3.29,0.357,12.27,6
7.41,0.1,0.401,1.62,0.081,32.6,83.2,0.9958,3.28,0.533,11.07,7
8.38,0.457,0.53,1.6,0.055,10.0,56.4,0.9977,3.19,0.969,9.94,5
